PublicID,UTCTime,Latitude,LatitudeUncertainty,Longitude,LongitudeUncertainty,Depth,DepthUncertainty,PreferredMag,Mw,Mw_Uncertainty,Mw_StationCount,ML,ML_Uncertainty,ML_StationCount,Md,Md_Uncertainty,Md_StationCount
1682568,1980-01-01T07:04:05Z,-41.29,0.0,175.24,0.0,26.0,1.0,ML,,,,2.6,0.2,3,2.7,0.2,7
1682569,1980-01-01T07:06:53Z,-41.28,0.0,175.26,0.0,27.0,1.0,ML,,,,1.4,0.3,6,,,
1682570,1980-01-01T09:27:04Z,-40.49,0.0,174.67,0.0,73.0,1.0,ML,,,,3.2,nan,2,3.3,0.2,10
1682571,1980-01-01T11:05:37Z,-41.04,0.0,174.67,0.0,58.0,2.0,ML,,,,1.8,0.2,6,,,
1560660,1980-01-01T18:28:10Z,-37.63,0.1,176.38,0.1,210.0,21.0,ML,,,,4.2,0.1,2,,,
1560661,1980-01-01T20:20:54Z,-40.29,0.1,173.43,0.1,212.0,7.0,ML,,,,4.5,0.3,4,,,
1682572,1980-01-01T20:59:41Z,-41.46,0.0,174.4,0.0,22.0,1.0,ML,,,,2.1,0.2,7,,,
1682573,1980-01-02T04:54:12Z,-41.29,0.0,174.87,0.0,28.0,0.0,ML,,,,2.0,0.1,9,,,
1682574,1980-01-02T18:08:33Z,-41.09,0.0,175.38,0.0,11.0,1.0,ML,,,,1.8,0.2,5,,,
1560662,1980-01-02T18:24:15Z,-38.48,0.0,176.75,0.0,5.0,0.0,ML,,,,3.4,0.2,7,,,
1682575,1980-01-02T21:28:55Z,-41.25,0.0,175.25,0.0,26.0,2.0,ML,,,,2.1,0.2,4,,,
1583540,1980-01-03T17:49:43Z,-44.15,0.0,170.07,0.0,3.0,2.0,ML,,,,2.1,0.2,6,,,
1583541,1980-01-03T21:21:55Z,-44.1,0.0,169.88,0.0,9.0,1.0,ML,,,,2.1,0.1,6,,,
1682576,1980-01-04T01:21:41Z,-40.91,0.0,175.24,0.0,24.0,1.0,ML,,,,2.8,0.1,2,2.5,0.1,2
1560663,1980-01-04T01:28:26Z,-36.66,0.0,177.45,0.1,221.0,6.0,ML,,,,4.8,0.3,6,,,
1682577,1980-01-04T01:38:40Z,-40.83,0.0,174.84,0.0,38.0,3.0,ML,,,,2.1,0.2,5,,,
1560664,1980-01-04T02:29:14Z,-38.71,0.0,175.94,0.0,138.0,6.0,ML,,,,4.0,0.3,5,,,
1682578,1980-01-04T06:43:21Z,-40.98,0.0,175.13,0.0,29.0,1.0,ML,,,,2.0,0.1,4,,,
1682579,1980-01-04T10:20:53Z,-41.62,0.0,174.23,0.0,23.0,1.0,ML,,,,3.2,nan,2,3.6,0.1,4
1583542,1980-01-04T18:52:16Z,-44.2,0.0,169.84,0.0,9.0,1.0,ML,,,,2.4,0.1,6,,,
1583543,1980-01-04T20:32:56Z,-44.33,0.0,169.57,0.0,7.0,1.0,ML,,,,3.3,0.1,3,,,
1682580,1980-01-04T22:43:00Z,-40.99,0.0,174.84,0.0,45.0,2.0,ML,,,,1.8,0.2,6,,,
1583544,1980-01-05T06:59:31Z,-44.32,0.0,169.57,0.0,6.0,1.0,ML,,,,2.1,0.1,5,,,
1682581,1980-01-05T08:51:13Z,-41.23,0.0,175.05,0.0,21.0,1.0,ML,,,,1.7,0.2,5,,,
1682582,1980-01-05T09:02:28Z,-41.37,0.0,175.08,0.0,26.0,1.0,ML,,,,1.5,0.3,7,,,
1560665,1980-01-05T12:15:15Z,-46.69,0.1,165.62,0.1,12.0,0.0,ML,,,,3.9,0.2,5,,,
1682583,1980-01-05T13:55:14Z,-40.94,0.0,174.94,0.0,30.0,2.0,ML,,,,1.6,0.3,6,,,
1560666,1980-01-05T19:10:01Z,-38.7,0.0,175.61,0.0,146.0,7.0,ML,,,,3.5,0.3,5,,,
1682584,1980-01-05T22:20:42Z,-41.25,0.0,175.18,0.0,25.0,0.0,ML,,,,2.4,0.2,4,2.4,0.1,2
1560667,1980-01-05T22:34:09Z,-37.52,0.0,177.06,0.0,12.0,0.0,ML,,,,4.0,0.3,7,,,
1682585,1980-01-06T01:25:45Z,-40.95,0.0,175.61,0.0,29.0,1.0,ML,,,,2.3,0.2,8,,,
1682586,1980-01-06T09:18:01Z,-41.32,0.0,174.94,0.0,28.0,1.0,ML,,,,1.6,0.2,8,,,
1682587,1980-01-06T12:30:41Z,-41.13,0.0,174.59,0.0,57.0,1.0,ML,,,,2.4,0.2,9,,,
1583545,1980-01-06T16:41:45Z,-44.58,0.0,169.94,0.0,8.0,0.0,ML,,,,1.6,0.1,4,,,
1682588,1980-01-06T18:40:00Z,-41.42,0.0,175.03,0.0,25.0,0.0,ML,,,,2.0,0.1,7,,,
1583546,1980-01-06T20:04:11Z,-44.41,0.0,169.5,0.0,5.0,1.0,ML,,,,1.8,0.2,4,,,
1682589,1980-01-06T20:17:43Z,-40.61,0.0,174.71,0.0,29.0,2.0,ML,,,,2.6,0.1,2,2.6,0.1,6
1682590,1980-01-07T00:20:29Z,-41.46,0.0,174.47,0.0,22.0,0.0,ML,,,,1.8,0.1,6,,,
1682591,1980-01-07T03:08:42Z,-40.75,0.0,175.08,0.0,37.0,3.0,ML,,,,2.0,0.3,5,,,
1682592,1980-01-07T03:22:05Z,-41.08,0.0,174.62,0.0,57.0,1.0,ML,,,,2.6,0.2,2,2.4,0.1,4
1682593,1980-01-07T05:54:24Z,-40.78,0.0,175.1,0.0,33.0,2.0,ML,,,,1.6,0.4,4,,,
1560668,1980-01-07T06:34:12Z,-38.69,0.0,175.83,0.0,136.0,3.0,ML,,,,4.7,0.2,4,,,
1682594,1980-01-07T08:44:03Z,-40.95,0.0,174.87,0.0,61.0,1.0,ML,,,,3.1,0.1,2,3.5,0.2,11
1682595,1980-01-07T09:25:34Z,-41.27,0.0,175.24,0.0,24.0,1.0,ML,,,,1.4,0.1,6,,,
1682596,1980-01-07T09:27:59Z,-41.06,0.0,174.65,0.0,34.0,1.0,ML,,,,1.9,0.2,7,,,
1682597,1980-01-07T09:40:46Z,-41.07,0.0,175.32,0.0,26.0,2.0,ML,,,,1.4,0.2,5,,,
1682598,1980-01-07T19:44:41Z,-41.25,0.0,174.32,0.0,65.0,2.0,ML,,,,2.0,0.2,5,,,
1583547,1980-01-07T20:37:53Z,-44.45,0.0,169.96,0.0,1.0,1.0,ML,,,,2.1,0.1,6,,,
1682599,1980-01-08T02:38:58Z,-41.03,0.0,174.88,0.0,52.0,1.0,ML,,,,2.5,0.1,6,,,
1682600,1980-01-08T03:01:07Z,-41.15,0.0,174.15,0.1,46.0,4.0,ML,,,,2.5,0.1,5,2.4,nan,1
1583548,1980-01-09T01:26:17Z,-44.42,0.0,170.41,0.0,33.0,2.0,ML,,,,2.9,0.1,6,,,
1560669,1980-01-09T02:43:32Z,-46.78,0.0,165.49,0.1,12.0,0.0,ML,,,,4.2,0.3,8,,,
1560670,1980-01-09T07:05:02Z,-37.73,0.1,179.02,0.1,12.0,0.0,ML,,,,4.1,0.2,13,,,
1560671,1980-01-09T11:20:27Z,-36.55,0.1,177.35,0.1,255.0,5.0,ML,,,,3.9,0.3,6,,,
1560672,1980-01-09T11:49:16Z,-40.84,0.0,172.51,0.0,0.0,5.0,ML,,,,3.6,0.2,11,,,
1682601,1980-01-09T14:56:23Z,-41.59,0.0,174.66,0.0,32.0,1.0,ML,,,,1.7,0.2,5,,,
1682602,1980-01-09T15:17:04Z,-41.12,0.0,175.4,0.0,24.0,1.0,ML,,,,1.4,0.1,3,,,
1560673,1980-01-09T15:22:03Z,-38.55,0.0,176.8,0.0,33.0,0.0,ML,,,,4.3,0.2,14,,,
1682603,1980-01-09T15:43:35Z,-40.69,0.0,175.19,0.0,31.0,1.0,ML,,,,2.2,0.1,7,,,
1682604,1980-01-09T16:26:42Z,-40.66,0.0,174.7,0.0,23.0,0.0,ML,,,,1.8,0.2,5,,,
1682605,1980-01-09T19:52:24Z,-41.27,0.0,175.2,0.0,26.0,1.0,ML,,,,1.8,0.2,8,,,
1560675,1980-01-09T21:30:04Z,-46.73,0.0,165.43,0.1,12.0,0.0,ML,,,,3.9,0.2,8,,,
1682606,1980-01-09T23:04:40Z,-41.01,0.0,174.56,0.0,38.0,2.0,ML,,,,1.9,0.2,8,,,
1682607,1980-01-09T23:13:00Z,-40.97,0.0,175.4,0.0,28.0,1.0,ML,,,,1.9,0.2,7,,,
1682608,1980-01-10T05:25:43Z,-41.0,0.0,175.58,0.0,28.0,1.0,Md,,,,,,,2.7,0.1,9
1583549,1980-01-10T08:10:16Z,-44.45,0.0,169.96,0.0,8.0,0.0,ML,,,,2.2,0.1,5,,,
1682609,1980-01-10T09:09:58Z,-41.0,0.0,174.87,0.0,27.0,2.0,ML,,,,1.6,0.2,5,,,
1682610,1980-01-10T17:13:01Z,-40.48,0.0,174.88,0.0,14.0,2.0,ML,,,,2.0,0.3,7,,,
1682611,1980-01-11T06:56:18Z,-40.92,0.0,175.71,0.0,32.0,1.0,ML,,,,3.0,0.1,2,3.2,nan,2
1682612,1980-01-11T13:36:23Z,-41.16,0.0,174.68,0.0,8.0,2.0,ML,,,,1.7,0.3,9,,,
1682613,1980-01-11T14:52:06Z,-41.59,0.0,174.68,0.0,31.0,1.0,ML,,,,1.9,0.1,8,,,
1682614,1980-01-11T16:14:17Z,-40.84,0.0,174.73,0.0,16.0,2.0,ML,,,,2.6,nan,1,2.6,0.1,3
1682615,1980-01-11T18:59:01Z,-40.95,0.0,175.1,0.0,42.0,2.0,ML,,,,1.8,0.1,6,,,
1682616,1980-01-11T22:04:31Z,-40.93,0.0,174.89,0.0,49.0,1.0,ML,,,,1.6,0.1,4,,,
1682617,1980-01-12T05:21:34Z,-41.19,0.0,175.04,0.0,18.0,0.0,ML,,,,1.3,0.1,5,,,
1682618,1980-01-12T05:22:16Z,-40.95,0.0,175.16,0.0,35.0,1.0,ML,,,,1.6,0.2,5,,,
1682619,1980-01-12T12:52:17Z,-41.29,0.0,175.24,0.0,28.0,1.0,ML,,,,2.0,0.2,10,,,
1583550,1980-01-12T15:22:54Z,-43.64,0.1,170.71,0.2,4.0,3.0,ML,,,,2.1,0.2,5,,,
1682620,1980-01-12T18:30:05Z,-41.14,0.0,175.09,0.0,28.0,2.0,ML,,,,1.8,0.2,7,,,
1583551,1980-01-13T02:59:42Z,-44.34,0.0,169.57,0.0,6.0,1.0,ML,,,,2.1,0.1,5,,,
1682621,1980-01-13T03:52:06Z,-41.56,0.0,174.54,0.0,20.0,2.0,ML,,,,1.9,0.1,6,,,
1583552,1980-01-13T07:10:18Z,-44.47,0.0,169.9,0.0,2.0,0.0,ML,,,,1.5,0.2,4,,,
1583553,1980-01-13T07:42:32Z,-44.47,0.0,169.89,0.0,8.0,0.0,ML,,,,1.5,0.2,4,,,
1583554,1980-01-13T07:44:30Z,-44.47,0.0,169.88,0.0,9.0,1.0,ML,,,,1.8,0.2,4,,,
1560676,1980-01-13T08:03:10Z,-45.0,0.0,167.72,0.1,91.0,5.0,ML,,,,3.5,0.3,6,,,
1682622,1980-01-13T10:51:37Z,-40.97,0.0,174.88,0.0,35.0,0.0,ML,,,,1.8,0.2,6,,,
1682623,1980-01-13T16:32:01Z,-41.29,0.0,175.24,0.0,28.0,1.0,ML,,,,1.5,0.1,6,,,
1682624,1980-01-13T17:38:58Z,-41.4,0.0,174.4,0.0,58.0,1.0,ML,,,,2.3,0.2,7,,,
1682625,1980-01-13T18:58:16Z,-40.91,0.0,174.88,0.0,34.0,2.0,ML,,,,1.9,0.1,7,,,
1560678,1980-01-13T20:07:03Z,-46.78,0.0,165.4,0.1,12.0,0.0,ML,,,,3.9,0.2,4,,,
1682626,1980-01-13T21:29:19Z,-41.3,0.0,174.96,0.0,26.0,1.0,ML,,,,1.3,0.2,5,,,
1560679,1980-01-14T06:31:58Z,-45.17,0.0,167.54,0.1,75.0,8.0,ML,,,,4.3,0.3,6,,,
1682627,1980-01-14T20:43:50Z,-41.36,0.0,175.12,0.0,27.0,1.0,ML,,,,2.6,nan,1,2.6,0.1,2
1682628,1980-01-14T20:44:25Z,-41.35,0.0,175.12,0.0,26.0,1.0,ML,,,,1.8,0.1,5,,,
1682629,1980-01-14T21:04:58Z,-40.82,0.0,175.31,0.0,29.0,1.0,ML,,,,2.2,0.1,8,,,
1682630,1980-01-15T02:05:41Z,-41.38,0.0,175.05,0.0,26.0,1.0,ML,,,,1.6,0.1,6,,,
1682631,1980-01-15T05:35:00Z,-40.82,0.0,174.48,0.0,42.0,3.0,ML,,,,2.2,0.1,7,,,
1682632,1980-01-15T06:23:03Z,-41.36,0.0,175.12,0.0,26.0,1.0,ML,,,,3.4,nan,2,3.3,0.1,3
1682633,1980-01-15T07:08:55Z,-40.79,0.0,174.78,0.0,18.0,2.0,ML,,,,2.2,0.4,2,2.3,nan,1
1560681,1980-01-15T08:20:38Z,-38.79,0.1,175.27,0.1,227.0,8.0,ML,,,,3.7,0.3,6,,,
1682634,1980-01-15T08:47:56Z,-41.25,0.0,175.19,0.0,27.0,1.0,ML,,,,1.6,0.1,7,,,
1560682,1980-01-15T10:51:26Z,-36.77,0.1,177.23,0.2,232.0,13.0,ML,,,,3.6,0.3,6,,,
1560683,1980-01-15T15:45:31Z,-40.15,0.0,174.93,0.0,12.0,0.0,ML,,,,3.8,0.3,10,,,
1583555,1980-01-15T21:35:42Z,-43.92,0.0,170.41,0.0,8.0,2.0,ML,,,,1.9,0.2,4,,,
1560684,1980-01-16T00:09:51Z,-37.59,0.1,178.3,0.1,12.0,0.0,ML,,,,4.1,0.2,8,,,
1682635,1980-01-16T05:33:35Z,-41.19,0.0,174.16,0.0,51.0,3.0,ML,,,,2.6,0.2,4,2.3,nan,1
1682636,1980-01-16T05:34:57Z,-41.18,0.0,174.26,0.0,42.0,3.0,ML,,,,2.3,0.1,6,,,
1682637,1980-01-16T10:08:00Z,-41.06,0.0,174.54,0.0,54.0,5.0,ML,,,,1.9,0.2,4,,,
1583556,1980-01-17T02:01:08Z,-43.6,0.0,170.36,0.0,2.0,0.0,ML,,,,2.6,0.2,7,,,
1560685,1980-01-17T06:31:17Z,-37.48,0.0,178.47,0.0,33.0,0.0,ML,,,,3.9,0.2,9,,,
1560686,1980-01-17T11:27:05Z,-39.32,0.1,174.46,0.1,260.0,6.0,ML,,,,3.8,0.4,6,,,
1583557,1980-01-17T16:24:08Z,-44.01,0.0,170.07,0.0,7.0,0.0,ML,,,,3.2,0.1,4,,,
1682638,1980-01-17T18:07:32Z,-40.85,0.0,174.87,0.0,48.0,2.0,ML,,,,1.9,0.3,5,,,
1682639,1980-01-17T18:58:26Z,-41.6,0.0,174.54,0.0,32.0,1.0,ML,,,,2.2,0.1,8,,,
1682640,1980-01-18T03:43:23Z,-41.08,0.0,174.53,0.0,32.0,1.0,ML,,,,1.7,0.2,6,,,
1682641,1980-01-18T23:48:29Z,-41.22,0.0,175.49,0.0,18.0,2.0,ML,,,,2.3,0.2,4,,,
1682642,1980-01-19T05:56:43Z,-40.85,0.0,174.59,0.0,39.0,5.0,ML,,,,1.9,0.2,4,,,
1682643,1980-01-19T06:41:01Z,-41.1,0.0,175.36,0.0,26.0,2.0,ML,,,,1.9,0.3,3,,,
1682644,1980-01-19T07:32:28Z,-41.28,0.0,175.3,0.0,28.0,2.0,ML,,,,1.6,0.3,6,,,
1682645,1980-01-19T17:24:03Z,-41.17,0.0,175.68,0.0,20.0,1.0,ML,,,,2.0,0.1,6,,,
1682646,1980-01-19T19:25:00Z,-40.98,0.0,174.62,0.0,59.0,1.0,ML,,,,2.3,0.2,7,,,
1682647,1980-01-20T04:31:44Z,-41.16,0.0,175.65,0.0,18.0,0.0,ML,,,,2.0,0.1,6,,,
1560687,1980-01-20T09:28:22Z,-38.26,0.1,176.11,0.1,167.0,12.0,ML,,,,3.5,0.2,3,,,
1682648,1980-01-20T14:09:57Z,-41.28,0.0,175.29,0.0,26.0,2.0,ML,,,,1.8,0.2,8,,,
1682649,1980-01-20T16:21:56Z,-41.67,0.0,174.49,0.0,27.0,3.0,ML,,,,2.2,0.2,7,,,
1682650,1980-01-21T09:09:33Z,-41.03,0.0,175.62,0.0,25.0,0.0,ML,,,,2.1,0.2,5,,,
1560688,1980-01-21T15:08:19Z,-39.29,0.0,175.1,0.0,12.0,0.0,ML,,,,4.1,0.2,10,,,
1583558,1980-01-21T21:38:58Z,-43.92,0.0,169.77,0.0,8.0,1.0,ML,,,,2.1,0.1,5,,,
1682651,1980-01-21T21:56:21Z,-41.21,0.0,174.47,0.0,36.0,0.0,ML,,,,1.9,0.1,4,,,
1682652,1980-01-21T21:56:40Z,-41.2,0.0,174.49,0.0,33.0,2.0,ML,,,,1.6,0.2,5,,,
1682653,1980-01-21T23:32:15Z,-41.07,0.0,175.2,0.0,25.0,2.0,ML,,,,2.1,0.1,3,,,
1682654,1980-01-21T23:46:07Z,-41.07,0.0,175.21,0.0,26.0,1.0,Md,,,,,,,2.6,0.2,3
1682655,1980-01-22T00:01:19Z,-41.08,0.0,175.2,0.0,24.0,2.0,ML,,,,1.9,0.1,2,,,
1682656,1980-01-22T01:02:25Z,-41.07,0.0,175.2,0.0,25.0,1.0,ML,,,,1.9,0.4,3,,,
1682657,1980-01-22T01:21:51Z,-41.08,0.0,175.2,0.0,26.0,1.0,ML,,,,1.9,0.2,4,,,
1560689,1980-01-22T01:51:59Z,-45.23,0.0,166.76,0.1,12.0,0.0,ML,,,,3.8,0.1,3,,,
1682658,1980-01-22T03:00:47Z,-40.96,0.0,175.62,0.0,29.0,1.0,ML,,,,2.6,0.1,2,2.3,nan,1
1682659,1980-01-22T04:02:32Z,-41.36,0.0,175.11,0.0,27.0,1.0,ML,,,,1.6,0.2,5,,,
1682660,1980-01-22T05:42:56Z,-41.19,0.0,174.83,0.0,24.0,0.0,ML,,,,1.4,0.1,6,,,
1682661,1980-01-22T07:03:07Z,-41.08,0.0,175.19,0.0,28.0,1.0,ML,,,,1.4,0.1,5,,,
1682662,1980-01-22T07:34:29Z,-40.85,0.0,175.09,0.0,33.0,1.0,ML,,,,2.5,0.1,4,,,
1682663,1980-01-22T08:38:37Z,-41.07,0.0,175.19,0.0,24.0,2.0,ML,,,,2.0,0.1,4,,,
1682664,1980-01-22T17:24:17Z,-41.07,0.0,175.2,0.0,28.0,0.0,ML,,,,1.9,0.1,4,,,
1682665,1980-01-22T21:31:43Z,-41.06,0.0,174.78,0.0,29.0,2.0,ML,,,,1.8,0.1,6,,,
1682666,1980-01-22T22:15:16Z,-41.01,0.0,174.82,0.0,49.0,2.0,ML,,,,1.9,0.2,8,,,
1682667,1980-01-23T02:10:15Z,-41.16,0.0,174.1,0.0,51.0,1.0,ML,,,,2.7,0.2,5,2.5,nan,1
1560690,1980-01-23T08:56:53Z,-39.05,0.0,174.9,0.1,193.0,8.0,ML,,,,3.9,0.2,5,,,
1682668,1980-01-23T16:14:10Z,-40.99,0.0,174.95,0.0,33.0,1.0,ML,,,,1.5,0.1,4,,,
1682669,1980-01-23T16:36:31Z,-40.75,0.0,175.23,0.0,35.0,0.0,ML,,,,1.8,0.2,4,,,
1682670,1980-01-23T16:38:33Z,-40.89,0.0,175.1,0.0,33.0,1.0,ML,,,,2.5,0.2,5,,,
1560691,1980-01-23T23:28:48Z,-39.09,0.1,174.86,0.1,214.0,8.0,ML,,,,4.0,0.2,3,,,
1682671,1980-01-24T04:09:04Z,-41.16,0.0,175.13,0.0,30.0,0.0,ML,,,,1.6,0.1,4,,,
1682672,1980-01-24T06:49:57Z,-41.56,0.0,174.15,0.0,24.0,1.0,ML,,,,2.4,0.2,5,,,
1560692,1980-01-24T10:15:50Z,-44.97,0.1,167.71,0.1,119.0,11.0,ML,,,,5.2,0.2,4,,,
1682673,1980-01-24T13:38:58Z,-41.4,0.0,174.98,0.0,27.0,2.0,ML,,,,1.6,0.1,5,,,
1583559,1980-01-24T15:08:16Z,-44.18,0.0,170.01,0.0,5.0,2.0,ML,,,,1.5,0.1,4,,,
1682674,1980-01-25T01:59:12Z,-41.61,0.0,174.4,0.0,26.0,3.0,ML,,,,2.3,0.1,4,,,
1682675,1980-01-25T07:54:15Z,-41.62,0.0,174.4,0.0,22.0,2.0,Md,,,,,,,3.1,0.2,4
1682676,1980-01-25T08:59:49Z,-41.63,0.0,174.38,0.0,26.0,3.0,ML,,,,2.3,0.3,5,,,
1682677,1980-01-25T10:03:20Z,-41.24,0.0,174.62,0.0,57.0,2.0,ML,,,,2.2,0.2,6,,,
1682678,1980-01-25T11:31:38Z,-41.16,0.0,175.06,0.0,25.0,1.0,ML,,,,1.6,0.2,6,,,
1682679,1980-01-25T19:33:29Z,-40.57,0.0,174.77,0.0,29.0,2.0,ML,,,,1.9,0.1,5,,,
1583560,1980-01-25T22:31:17Z,-44.35,0.0,169.78,0.0,11.0,0.0,ML,,,,1.6,0.0,3,,,
1583561,1980-01-26T03:14:17Z,-44.35,0.0,169.78,0.0,11.0,0.0,ML,,,,1.5,0.1,3,,,
1682680,1980-01-26T03:16:38Z,-41.18,0.0,174.65,0.0,57.0,1.0,ML,,,,2.2,0.2,7,,,
1560693,1980-01-26T07:44:41Z,-44.96,0.0,167.62,0.1,97.0,8.0,ML,,,,3.6,0.3,6,,,
1583562,1980-01-26T09:16:17Z,-44.33,0.0,170.01,0.0,10.0,1.0,ML,,,,2.2,0.0,6,,,
1682681,1980-01-26T09:31:38Z,-40.76,0.0,174.61,0.0,3.0,3.0,ML,,,,2.2,0.1,2,2.2,nan,1
1682682,1980-01-26T18:20:03Z,-40.82,0.0,175.2,0.0,33.0,1.0,ML,,,,1.8,0.2,5,,,
1682683,1980-01-26T19:24:43Z,-41.07,0.0,174.52,0.0,34.0,1.0,ML,,,,2.2,0.1,2,,,
1583563,1980-01-26T22:40:04Z,-43.61,0.0,170.19,0.0,0.0,0.0,ML,,,,2.6,0.1,4,,,
1583564,1980-01-27T02:10:17Z,-43.6,0.0,170.23,0.0,0.0,0.0,ML,,,,2.2,0.1,4,,,
1682684,1980-01-27T03:46:28Z,-41.07,0.0,174.52,0.0,35.0,2.0,ML,,,,1.6,0.2,6,,,
1682685,1980-01-27T12:20:53Z,-41.17,0.0,173.94,0.0,56.0,4.0,ML,,,,2.4,0.2,7,,,
1583565,1980-01-27T15:01:18Z,-44.35,0.0,169.78,0.0,10.0,2.0,ML,,,,1.5,0.2,5,,,
1583566,1980-01-27T18:18:22Z,-43.62,0.0,170.27,0.0,0.0,0.0,ML,,,,2.5,0.2,5,,,
1583567,1980-01-27T21:47:37Z,-43.97,0.0,170.6,0.0,8.0,1.0,ML,,,,2.0,0.1,6,,,
1682686,1980-01-27T23:37:53Z,-40.74,0.0,175.31,0.0,31.0,1.0,ML,,,,2.1,0.1,6,,,
1682687,1980-01-28T00:46:02Z,-40.86,0.0,174.99,0.0,52.0,2.0,ML,,,,2.4,0.1,4,,,
1560694,1980-01-28T07:33:40Z,-39.14,0.0,175.86,0.0,71.0,8.0,ML,,,,3.7,0.2,5,,,
1560695,1980-01-28T11:34:08Z,-41.61,0.0,174.8,0.0,24.0,2.0,ML,,,,3.7,0.3,8,,,
1560696,1980-01-28T12:30:57Z,-45.19,0.0,167.63,0.1,92.0,10.0,Mw,5.2,nan,0,5.4,0.2,5,,,
1682689,1980-01-28T13:14:55Z,-41.62,0.0,174.76,0.0,26.0,2.0,ML,,,,1.6,0.2,6,,,
1682690,1980-01-28T14:00:58Z,-41.65,0.0,174.76,0.0,28.0,0.0,ML,,,,2.4,0.1,3,,,
1682691,1980-01-28T14:38:54Z,-41.63,0.0,174.75,0.0,28.0,1.0,ML,,,,2.2,0.2,2,,,
1682692,1980-01-28T19:16:32Z,-41.13,0.0,174.7,0.0,54.0,2.0,ML,,,,2.2,0.1,7,,,
1682693,1980-01-29T02:08:19Z,-41.22,0.0,175.2,0.0,25.0,0.0,ML,,,,1.6,0.2,7,,,
1682694,1980-01-29T02:44:05Z,-40.97,0.0,175.5,0.0,23.0,2.0,ML,,,,2.6,nan,1,2.6,0.2,7
1682695,1980-01-29T09:11:28Z,-40.82,0.0,174.75,0.0,16.0,2.0,ML,,,,1.7,0.2,8,,,
1583568,1980-01-29T17:24:19Z,-44.05,0.0,169.6,0.0,4.0,2.0,ML,,,,2.0,0.1,6,,,
1583569,1980-01-29T21:43:26Z,-44.23,0.0,170.46,0.0,9.0,1.0,ML,,,,1.5,0.1,4,,,
1682696,1980-01-29T22:51:46Z,-41.28,0.0,174.6,0.0,33.0,1.0,ML,,,,1.6,0.2,6,,,
1682697,1980-01-30T00:58:32Z,-41.28,0.0,174.84,0.0,29.0,1.0,ML,,,,1.4,0.1,5,,,
1682698,1980-01-30T02:06:55Z,-41.32,0.0,174.72,0.0,36.0,2.0,ML,,,,1.6,0.2,6,,,
1682699,1980-01-30T07:54:32Z,-41.3,0.0,174.57,0.0,31.0,1.0,ML,,,,1.5,0.2,5,,,
1682700,1980-01-30T08:06:52Z,-40.97,0.0,175.63,0.0,24.0,1.0,ML,,,,2.0,0.2,7,,,
1682701,1980-01-30T08:07:49Z,-40.95,0.0,175.64,0.0,22.0,3.0,ML,,,,1.6,0.2,5,,,
1682702,1980-01-30T09:46:46Z,-41.1,0.0,174.17,0.0,56.0,1.0,ML,,,,2.0,0.1,5,,,
1682703,1980-01-30T10:31:15Z,-41.08,0.0,175.08,0.0,27.0,1.0,ML,,,,2.0,0.1,5,,,
1682704,1980-01-30T11:58:37Z,-40.89,0.0,174.72,0.0,12.0,2.0,ML,,,,1.4,0.3,4,,,
1682705,1980-01-30T16:53:52Z,-41.51,0.0,174.54,0.0,26.0,2.0,ML,,,,1.6,0.3,5,,,
1682706,1980-01-30T21:18:26Z,-41.33,0.0,175.47,0.0,8.0,3.0,ML,,,,1.7,0.1,3,,,
1682707,1980-01-30T23:49:25Z,-41.63,0.0,174.77,0.0,29.0,2.0,ML,,,,3.1,nan,2,3.3,0.2,9
1682708,1980-01-31T01:00:23Z,-41.66,0.0,174.77,0.0,28.0,1.0,ML,,,,2.4,0.1,4,2.4,0.1,3
1560699,1980-01-31T05:59:38Z,-39.51,0.0,174.32,0.1,221.0,6.0,ML,,,,4.2,0.1,5,,,
1682709,1980-01-31T07:54:25Z,-41.22,0.0,175.01,0.0,17.0,2.0,ML,,,,1.4,0.2,6,,,
1682710,1980-01-31T08:11:08Z,-41.45,0.0,174.25,0.0,24.0,1.0,ML,,,,2.4,nan,1,2.6,0.2,7
1682711,1980-01-31T08:18:35Z,-40.9,0.0,174.91,0.0,35.0,1.0,ML,,,,1.8,0.2,6,,,
1682712,1980-01-31T09:05:32Z,-41.53,0.0,175.24,0.0,24.0,1.0,ML,,,,1.6,0.2,6,,,
1682713,1980-01-31T21:03:26Z,-40.95,0.0,174.94,0.0,33.0,1.0,ML,,,,2.3,nan,2,,,
1682714,1980-01-31T21:16:54Z,-40.9,0.0,174.92,0.0,35.0,0.0,ML,,,,2.0,0.2,8,,,
1682715,1980-02-01T02:18:22Z,-41.26,0.0,174.99,0.0,24.0,1.0,ML,,,,2.3,0.2,4,2.6,nan,1
1560700,1980-02-01T02:27:02Z,-40.22,0.0,175.04,0.1,103.0,12.0,ML,,,,3.5,0.3,2,,,
1682716,1980-02-01T04:38:57Z,-41.08,0.0,175.19,0.0,26.0,1.0,ML,,,,1.5,0.2,5,,,
1682717,1980-02-01T10:44:59Z,-41.11,0.0,174.7,0.0,32.0,1.0,ML,,,,1.8,0.1,6,,,
1682718,1980-02-01T10:52:54Z,-40.97,0.0,175.49,0.0,22.0,3.0,ML,,,,1.8,0.1,4,,,
1682719,1980-02-01T17:43:33Z,-40.97,0.0,175.18,0.0,28.0,1.0,ML,,,,2.0,0.2,5,,,
1682720,1980-02-01T18:50:46Z,-41.34,0.0,174.11,0.0,39.0,2.0,ML,,,,1.7,0.2,5,,,
1682721,1980-02-01T20:44:04Z,-40.54,0.0,174.69,0.0,79.0,2.0,ML,,,,2.2,0.2,4,,,
1682722,1980-02-01T20:53:46Z,-41.42,0.0,174.3,0.0,20.0,1.0,ML,,,,2.3,0.3,3,2.2,nan,1
1560702,1980-02-02T02:43:50Z,-37.43,0.1,176.56,0.1,221.0,7.0,ML,,,,4.0,0.3,4,,,
1682723,1980-02-02T03:30:48Z,-40.95,0.0,175.02,0.0,26.0,1.0,ML,,,,2.2,0.2,9,,,
1560703,1980-02-02T12:40:27Z,-38.02,0.1,176.26,0.1,190.0,7.0,ML,,,,3.6,0.3,5,,,
1560704,1980-02-02T13:12:26Z,-40.96,0.0,175.48,0.0,12.0,0.0,ML,,,,3.7,0.4,4,,,
1682725,1980-02-02T14:32:47Z,-41.18,0.0,175.28,0.0,24.0,1.0,ML,,,,1.9,0.1,7,,,
1682726,1980-02-02T15:33:24Z,-41.18,0.0,175.28,0.0,25.0,0.0,ML,,,,1.9,0.1,8,,,
1682727,1980-02-02T16:18:58Z,-41.17,0.0,175.28,0.0,24.0,1.0,ML,,,,1.5,0.2,5,,,
1682728,1980-02-02T18:55:24Z,-41.03,0.0,175.16,0.0,38.0,1.0,ML,,,,1.9,0.2,6,,,
1560706,1980-02-02T19:56:11Z,-40.91,0.0,175.63,0.0,7.0,2.0,ML,,,,3.6,0.3,3,,,
1682730,1980-02-02T19:59:50Z,-40.91,0.0,175.71,0.0,29.0,2.0,ML,,,,2.0,0.2,5,,,
1682731,1980-02-02T20:23:13Z,-40.46,0.0,174.89,0.0,12.0,2.0,ML,,,,2.8,0.1,2,2.7,0.2,5
1682732,1980-02-03T00:06:34Z,-41.2,0.0,174.88,0.0,16.0,1.0,ML,,,,1.6,0.2,7,,,
1560707,1980-02-03T02:04:11Z,-38.88,0.0,174.59,0.0,12.0,0.0,ML,,,,3.4,0.2,2,,,
1682733,1980-02-03T07:54:35Z,-41.28,0.0,174.49,0.0,58.0,1.0,ML,,,,1.9,0.1,4,,,
1682734,1980-02-03T09:18:33Z,-41.26,0.0,175.32,0.0,24.0,2.0,ML,,,,1.9,0.1,4,,,
1682735,1980-02-03T12:39:59Z,-40.91,0.0,174.61,0.0,10.0,2.0,ML,,,,1.7,0.1,6,,,
1682736,1980-02-03T20:07:21Z,-41.26,0.0,175.34,0.0,27.0,2.0,ML,,,,1.9,0.2,8,,,
1583570,1980-02-04T05:42:54Z,-44.35,0.0,169.87,0.0,10.0,0.0,ML,,,,2.4,0.2,4,,,
1682737,1980-02-04T12:28:15Z,-41.14,0.0,175.05,0.0,30.0,1.0,ML,,,,1.7,0.1,6,,,
1682738,1980-02-04T15:34:53Z,-41.62,0.0,174.52,0.0,52.0,2.0,ML,,,,2.3,0.1,8,,,
1682739,1980-02-04T15:48:41Z,-41.38,0.0,174.2,0.1,34.0,2.0,ML,,,,1.7,0.2,4,,,
1682740,1980-02-04T16:32:00Z,-41.28,0.0,175.03,0.0,22.0,0.0,ML,,,,1.8,0.1,5,,,
1583571,1980-02-04T19:41:06Z,-43.95,0.0,169.44,0.0,0.0,0.0,ML,,,,2.4,0.1,6,,,
1682741,1980-02-04T21:28:12Z,-41.07,0.0,174.07,0.0,58.0,2.0,ML,,,,2.1,0.2,5,,,
1682742,1980-02-05T00:24:48Z,-41.55,0.0,175.25,0.0,29.0,1.0,Md,,,,,,,3.0,0.1,4
1560709,1980-02-05T04:12:30Z,-38.14,0.0,175.94,0.1,187.0,7.0,ML,,,,4.1,0.2,5,,,
1682743,1980-02-05T07:36:40Z,-40.86,0.0,175.2,0.0,32.0,0.0,ML,,,,3.0,0.1,2,3.0,0.2,4
1682744,1980-02-05T08:21:09Z,-41.61,0.0,174.39,0.0,20.0,3.0,ML,,,,2.4,0.2,3,3.0,0.2,2
1682745,1980-02-05T19:03:48Z,-40.69,0.0,174.78,0.0,39.0,2.0,ML,,,,2.3,0.2,6,,,
1682746,1980-02-05T19:34:48Z,-41.58,0.0,174.41,0.0,28.0,6.0,ML,,,,1.8,0.1,5,,,
1583572,1980-02-05T22:15:49Z,-44.35,0.0,170.02,0.0,10.0,0.0,ML,,,,1.6,0.1,4,,,
1682747,1980-02-06T10:25:13Z,-41.36,0.0,175.12,0.0,26.0,1.0,ML,,,,1.7,0.3,6,,,
1682748,1980-02-06T10:43:42Z,-40.87,0.0,175.17,0.0,32.0,0.0,ML,,,,2.0,0.2,8,,,
1682749,1980-02-06T11:03:16Z,-41.42,0.0,175.01,0.0,26.0,2.0,ML,,,,1.4,0.2,4,,,
1682750,1980-02-06T15:14:00Z,-40.96,0.0,175.17,0.0,41.0,1.0,ML,,,,2.0,0.2,5,,,
1583573,1980-02-06T15:37:20Z,-44.5,0.0,170.04,0.0,7.0,1.0,ML,,,,1.7,0.1,5,,,
1682751,1980-02-06T17:57:00Z,-41.36,0.0,175.11,0.0,26.0,0.0,ML,,,,1.9,0.2,9,,,
1682752,1980-02-07T06:43:24Z,-41.1,0.0,175.48,0.0,29.0,1.0,ML,,,,2.7,0.3,5,2.6,0.1,6
1583574,1980-02-07T11:49:17Z,-43.74,0.0,169.74,0.0,2.0,0.0,ML,,,,2.1,0.3,8,,,
1560711,1980-02-07T13:32:45Z,-37.11,0.1,177.45,0.1,173.0,10.0,ML,,,,3.9,0.1,3,,,
1682753,1980-02-07T13:33:18Z,-41.51,0.0,175.25,0.0,24.0,1.0,ML,,,,1.7,0.2,5,,,
1682754,1980-02-07T14:16:55Z,-41.71,0.0,174.51,0.0,35.0,0.0,ML,,,,2.5,0.2,3,,,
1682755,1980-02-07T14:45:34Z,-41.02,0.0,174.69,0.0,60.0,1.0,ML,,,,2.2,0.2,10,,,
1682756,1980-02-07T16:17:59Z,-41.3,0.0,175.28,0.0,30.0,2.0,ML,,,,2.8,nan,1,2.7,0.1,9
1560713,1980-02-08T02:54:43Z,-37.75,0.1,177.57,0.1,33.0,0.0,ML,,,,3.5,0.2,6,,,
1560714,1980-02-08T02:56:50Z,-37.61,0.1,177.45,0.1,100.0,10.0,ML,,,,3.8,0.1,5,,,
1682757,1980-02-08T03:56:11Z,-41.42,0.0,173.81,0.0,59.0,1.0,ML,,,,2.4,0.2,5,,,
1583575,1980-02-08T04:34:10Z,-44.47,0.0,169.8,0.0,9.0,1.0,ML,,,,1.9,0.1,5,,,
1682758,1980-02-08T12:33:53Z,-40.93,0.0,175.1,0.0,29.0,1.0,ML,,,,1.5,0.3,6,,,
1682759,1980-02-08T15:05:53Z,-41.41,0.0,174.44,0.0,20.0,1.0,ML,,,,1.6,0.1,5,,,
1682760,1980-02-08T23:51:53Z,-41.32,0.0,174.87,0.0,31.0,1.0,ML,,,,1.6,0.1,6,,,
1682761,1980-02-09T14:44:08Z,-41.49,0.0,173.97,0.0,37.0,1.0,ML,,,,2.2,0.2,5,,,
1560715,1980-02-09T14:44:10Z,-46.4,0.1,165.75,0.2,33.0,0.0,ML,,,,4.3,0.3,6,,,
1560716,1980-02-10T00:46:36Z,-37.92,0.1,176.36,0.1,178.0,10.0,ML,,,,4.1,0.3,6,,,
1682762,1980-02-10T09:19:51Z,-41.1,0.0,175.2,0.0,23.0,1.0,ML,,,,1.4,0.1,5,,,
1682763,1980-02-10T09:27:37Z,-41.17,0.0,175.48,0.0,15.0,1.0,ML,,,,2.1,0.4,4,,,
1682764,1980-02-10T09:46:54Z,-41.11,0.0,175.2,0.0,24.0,1.0,ML,,,,1.3,0.1,4,,,
1682765,1980-02-10T11:31:49Z,-41.08,0.0,174.46,0.0,42.0,3.0,ML,,,,2.0,0.1,5,,,
1682766,1980-02-10T13:55:19Z,-41.06,0.0,174.75,0.0,28.0,2.0,ML,,,,1.7,0.1,6,,,
1682767,1980-02-10T15:25:28Z,-40.83,0.0,175.24,0.0,26.0,1.0,ML,,,,1.9,0.2,6,,,
1682768,1980-02-11T06:14:29Z,-41.58,0.0,174.25,0.0,69.0,2.0,ML,,,,3.1,0.2,3,3.0,0.2,4
1682769,1980-02-11T07:06:01Z,-41.47,0.1,174.25,0.0,39.0,8.0,ML,,,,1.7,0.2,3,,,
1682770,1980-02-11T09:13:53Z,-41.16,0.0,175.06,0.0,5.0,0.0,ML,,,,1.3,0.4,3,,,
1560718,1980-02-11T10:22:15Z,-40.75,0.0,174.05,0.1,102.0,8.0,ML,,,,3.7,0.3,4,,,
1682772,1980-02-11T11:06:58Z,-41.32,0.0,175.66,0.0,16.0,0.0,ML,,,,1.4,0.1,4,,,
1682773,1980-02-11T20:36:12Z,-40.63,0.0,175.17,0.0,35.0,1.0,ML,,,,1.9,0.2,5,,,
1583576,1980-02-12T09:33:21Z,-44.06,0.0,169.96,0.0,10.0,0.0,ML,,,,1.9,0.1,7,,,
1682774,1980-02-12T11:20:57Z,-41.27,0.0,174.48,0.0,44.0,2.0,ML,,,,1.7,0.2,5,,,
1682775,1980-02-13T02:01:11Z,-40.85,0.0,174.66,0.0,2.0,3.0,ML,,,,2.8,0.1,2,3.3,0.2,5
1682776,1980-02-13T04:55:39Z,-41.24,0.0,175.22,0.0,14.0,0.0,ML,,,,1.5,0.2,7,,,
1682777,1980-02-13T12:43:33Z,-40.92,0.0,175.18,0.0,28.0,3.0,ML,,,,1.7,0.2,5,,,
1682778,1980-02-13T12:43:44Z,-41.14,0.0,175.69,0.0,15.0,0.0,ML,,,,2.1,0.2,6,,,
1682779,1980-02-13T15:00:13Z,-41.23,0.0,175.19,0.0,20.0,1.0,ML,,,,1.6,0.1,7,,,
1682780,1980-02-13T15:24:29Z,-41.15,0.0,175.69,0.0,15.0,0.0,ML,,,,1.9,0.2,7,,,
1682781,1980-02-13T18:07:22Z,-41.01,0.0,174.58,0.0,58.0,1.0,ML,,,,2.0,0.3,5,,,
1682782,1980-02-13T20:45:33Z,-40.97,0.0,175.23,0.0,25.0,0.0,ML,,,,2.4,0.1,3,,,
1682783,1980-02-13T21:28:42Z,-40.94,0.0,174.53,0.0,35.0,1.0,ML,,,,1.8,0.1,7,,,
1560720,1980-02-14T01:54:15Z,-38.96,0.0,177.32,0.0,12.0,0.0,ML,,,,3.7,0.2,5,,,
1560721,1980-02-14T03:51:48Z,-38.94,0.0,177.27,0.0,12.0,0.0,ML,,,,3.5,0.2,4,,,
1682784,1980-02-14T04:54:27Z,-41.09,0.0,175.47,0.0,25.0,0.0,ML,,,,1.9,0.3,6,,,
1583577,1980-02-14T07:46:56Z,-44.34,0.0,170.24,0.0,4.0,1.0,ML,,,,2.1,0.2,9,,,
1682785,1980-02-14T09:23:38Z,-40.9,0.0,175.5,0.0,25.0,1.0,ML,,,,1.9,0.2,6,,,
1560722,1980-02-14T13:17:38Z,-39.17,0.1,177.64,0.1,12.0,0.0,ML,,,,3.7,0.3,5,,,
1682786,1980-02-14T13:38:33Z,-41.06,0.0,174.67,0.0,56.0,1.0,ML,,,,1.8,0.2,7,,,
1682787,1980-02-14T20:35:38Z,-41.28,0.0,173.83,0.0,68.0,1.0,ML,,,,3.1,0.1,2,3.3,0.1,6
1583578,1980-02-15T05:08:27Z,-43.6,0.0,170.62,0.0,5.0,2.0,ML,,,,2.9,0.2,7,,,
1682788,1980-02-15T08:12:04Z,-41.4,0.0,174.73,0.0,53.0,1.0,ML,,,,2.1,0.3,9,,,
1583579,1980-02-15T11:21:51Z,-44.33,0.0,170.03,0.0,10.0,1.0,ML,,,,1.2,0.1,6,,,
1560724,1980-02-15T11:52:29Z,-42.66,0.0,172.91,0.0,33.0,0.0,ML,,,,4.1,0.3,14,,,
1682789,1980-02-16T01:40:08Z,-41.1,0.0,175.35,0.0,25.0,0.0,ML,,,,1.9,0.1,6,,,
1682790,1980-02-16T05:27:40Z,-40.57,0.0,174.78,0.0,28.0,1.0,ML,,,,1.8,0.2,6,,,
1682791,1980-02-16T07:44:35Z,-40.73,0.0,175.17,0.0,33.0,0.0,ML,,,,2.2,0.1,6,,,
1560725,1980-02-16T09:32:06Z,-46.94,0.1,165.27,0.1,12.0,0.0,ML,,,,4.2,0.3,7,,,
1560726,1980-02-16T09:52:32Z,-46.82,0.0,165.36,0.1,12.0,0.0,ML,,,,3.5,0.2,3,,,
1560727,1980-02-16T10:20:26Z,-46.74,0.1,165.4,0.1,12.0,0.0,ML,,,,3.7,0.2,4,,,
1560729,1980-02-16T13:56:15Z,-38.84,0.0,175.94,0.0,12.0,0.0,ML,,,,3.3,0.2,7,,,
1560731,1980-02-16T14:24:44Z,-38.78,0.0,175.93,0.0,12.0,0.0,ML,,,,3.7,0.2,8,,,
1682792,1980-02-16T23:11:46Z,-41.23,0.0,175.53,0.0,16.0,1.0,ML,,,,2.0,0.2,7,,,
1682793,1980-02-17T01:21:11Z,-41.3,0.0,174.73,0.0,53.0,1.0,ML,,,,1.6,0.3,5,,,
1560733,1980-02-17T05:33:13Z,-38.11,0.0,176.13,0.1,192.0,4.0,ML,,,,4.9,0.3,4,,,
1682794,1980-02-17T06:03:40Z,-40.88,0.0,175.52,0.0,24.0,0.0,ML,,,,1.9,0.2,6,,,
1682795,1980-02-17T07:58:50Z,-41.46,0.0,174.55,0.0,21.0,0.0,ML,,,,2.0,0.1,6,,,
1682796,1980-02-17T11:52:27Z,-41.55,0.0,174.37,0.0,22.0,2.0,ML,,,,1.6,0.3,5,,,
1583580,1980-02-17T17:29:37Z,-44.26,0.0,170.12,0.0,10.0,0.0,ML,,,,1.9,0.1,7,,,
1682797,1980-02-17T21:38:49Z,-40.84,0.0,174.74,0.0,14.0,1.0,ML,,,,1.5,0.3,5,,,
1682798,1980-02-18T03:42:15Z,-41.09,0.0,175.52,0.0,10.0,1.0,ML,,,,2.0,0.1,6,,,
1560735,1980-02-18T05:47:17Z,-39.15,0.1,174.81,0.1,213.0,9.0,ML,,,,3.9,0.2,5,,,
1682799,1980-02-18T07:09:13Z,-41.47,0.0,174.96,0.0,27.0,1.0,ML,,,,1.9,0.2,7,,,
1583581,1980-02-18T08:13:47Z,-43.77,0.0,170.82,0.0,4.0,0.0,ML,,,,2.4,0.2,6,,,
1682800,1980-02-18T10:53:19Z,-40.99,0.0,174.93,0.0,28.0,1.0,ML,,,,2.0,0.1,7,,,
1560736,1980-02-18T13:43:21Z,-44.97,0.1,167.74,0.1,12.0,0.0,ML,,,,3.5,0.4,5,,,
1682801,1980-02-18T13:58:41Z,-41.53,0.0,174.6,0.0,19.0,1.0,ML,,,,1.5,0.2,6,,,
1682802,1980-02-18T17:05:57Z,-41.27,0.0,175.2,0.0,25.0,1.0,ML,,,,1.7,0.2,8,,,
1560737,1980-02-18T17:36:51Z,-37.29,0.1,177.63,0.1,166.0,13.0,ML,,,,5.0,0.1,5,,,
1560738,1980-02-18T20:38:36Z,-38.89,0.0,176.01,0.0,124.0,6.0,ML,,,,4.2,0.2,6,,,
1682803,1980-02-19T02:25:38Z,-40.67,0.0,174.5,0.0,64.0,1.0,ML,,,,2.4,0.2,5,2.3,nan,1
1560739,1980-02-19T02:48:00Z,-39.57,0.0,174.4,0.1,238.0,6.0,ML,,,,4.2,0.3,6,,,
1682804,1980-02-19T04:56:23Z,-41.01,0.0,174.72,0.0,50.0,1.0,ML,,,,2.3,0.2,5,,,
1682805,1980-02-19T08:48:30Z,-41.07,0.0,174.77,0.0,53.0,1.0,ML,,,,2.1,0.2,9,,,
1560740,1980-02-19T12:44:25Z,-41.61,0.0,178.43,0.0,33.0,0.0,ML,,,,4.3,0.2,13,,,
1682806,1980-02-19T17:41:01Z,-41.16,0.0,174.57,0.0,32.0,0.0,ML,,,,1.7,0.1,6,,,
1583582,1980-02-20T00:50:26Z,-44.14,0.0,170.59,0.0,9.0,1.0,ML,,,,2.2,0.2,4,,,
1682807,1980-02-20T01:47:38Z,-41.04,0.0,175.37,0.0,28.0,1.0,ML,,,,2.2,0.1,3,,,
1682808,1980-02-20T21:15:42Z,-40.97,0.0,174.62,0.0,52.0,1.0,ML,,,,1.8,0.1,5,,,
1682809,1980-02-20T21:58:26Z,-41.28,0.0,173.77,0.1,65.0,4.0,ML,,,,2.9,0.2,4,2.9,0.2,3
1682810,1980-02-21T01:10:06Z,-41.06,0.0,174.81,0.0,29.0,2.0,ML,,,,1.9,0.1,7,,,
1682811,1980-02-21T01:14:42Z,-41.06,0.0,174.79,0.0,27.0,1.0,ML,,,,2.6,nan,1,2.6,0.1,3
1682812,1980-02-21T01:25:17Z,-41.05,0.0,174.81,0.0,32.0,1.0,ML,,,,1.7,0.1,6,,,
1682813,1980-02-21T05:27:36Z,-41.28,0.0,175.33,0.0,26.0,2.0,ML,,,,1.4,0.1,4,,,
1583583,1980-02-21T18:54:42Z,-43.99,0.0,170.41,0.0,6.0,2.0,ML,,,,1.6,0.2,4,,,
1560741,1980-02-21T21:51:34Z,-39.96,0.0,176.75,0.1,12.0,0.0,ML,,,,3.4,0.2,9,,,
1682814,1980-02-22T02:08:34Z,-40.86,0.0,175.11,0.0,34.0,1.0,ML,,,,1.9,0.2,6,,,
1682815,1980-02-22T03:32:01Z,-40.91,0.0,174.75,0.0,63.0,1.0,ML,,,,2.3,0.2,8,,,
1682816,1980-02-22T05:36:50Z,-41.15,0.0,175.04,0.0,31.0,2.0,ML,,,,1.8,0.2,5,,,
1560742,1980-02-22T09:45:25Z,-35.79,0.0,178.48,0.1,180.0,11.0,ML,,,,4.1,0.2,6,,,
1682817,1980-02-22T10:15:40Z,-41.31,0.0,174.9,0.0,28.0,1.0,ML,,,,1.9,0.1,10,,,
1682818,1980-02-22T19:13:45Z,-41.37,0.0,174.76,0.0,26.0,0.0,ML,,,,2.1,0.1,4,,,
1682819,1980-02-22T19:25:14Z,-40.99,0.0,175.62,0.0,26.0,1.0,ML,,,,1.9,0.2,8,,,
1682820,1980-02-23T00:36:23Z,-41.13,0.0,174.41,0.0,44.0,6.0,ML,,,,2.0,0.1,5,,,
1682821,1980-02-23T02:24:00Z,-41.63,0.0,174.75,0.0,29.0,0.0,ML,,,,2.2,0.1,6,,,
1682822,1980-02-23T05:09:28Z,-41.35,0.0,175.09,0.0,25.0,1.0,ML,,,,1.9,0.2,6,,,
1560743,1980-02-23T10:26:02Z,-35.84,0.1,178.07,0.1,229.0,12.0,ML,,,,4.3,0.2,6,,,
1560744,1980-02-23T14:58:14Z,-36.77,0.0,177.75,0.0,154.0,6.0,ML,,,,4.7,0.2,6,,,
1560745,1980-02-24T00:37:17Z,-36.6,0.1,-179.14,0.1,33.0,0.0,ML,,,,4.0,0.2,8,,,
1682823,1980-02-24T03:16:44Z,-40.72,0.0,174.75,0.0,37.0,2.0,ML,,,,2.1,0.3,6,,,
1682824,1980-02-24T04:12:53Z,-41.36,0.0,175.12,0.0,27.0,0.0,ML,,,,2.4,0.2,4,2.2,nan,1
1560746,1980-02-24T07:44:35Z,-44.08,0.0,171.15,0.0,12.0,0.0,ML,,,,3.6,0.3,8,,,
1682825,1980-02-24T08:56:03Z,-41.01,0.0,175.01,0.0,42.0,1.0,ML,,,,2.6,0.1,4,2.3,nan,1
1560747,1980-02-24T09:36:46Z,-39.93,0.0,175.86,0.0,33.0,0.0,ML,,,,3.9,0.2,11,,,
1682826,1980-02-24T13:22:15Z,-41.27,0.0,174.07,0.0,43.0,1.0,ML,,,,2.4,0.2,7,,,
1682827,1980-02-24T19:21:23Z,-41.55,0.0,174.66,0.0,28.0,2.0,ML,,,,1.8,0.3,6,,,
1682828,1980-02-24T22:01:27Z,-41.07,0.0,175.2,0.0,26.0,2.0,ML,,,,1.9,0.1,4,,,
1682829,1980-02-24T22:42:14Z,-40.78,0.0,175.09,0.0,35.0,0.0,ML,,,,1.9,0.4,4,,,
1583585,1980-02-25T02:26:54Z,-43.98,0.0,169.65,0.0,6.0,2.0,ML,,,,2.6,0.1,5,,,
1560748,1980-02-25T09:47:50Z,-38.34,0.1,176.08,0.1,160.0,11.0,ML,,,,3.5,0.5,5,,,
1560749,1980-02-25T12:52:39Z,-45.27,0.0,167.45,0.0,84.0,5.0,ML,,,,4.8,0.2,5,,,
1560750,1980-02-25T13:10:56Z,-39.83,0.0,177.14,0.1,33.0,0.0,ML,,,,4.2,0.3,13,,,
1583586,1980-02-25T15:07:07Z,-44.26,0.0,170.42,0.0,10.0,0.0,ML,,,,1.7,0.1,3,,,
1682830,1980-02-25T23:38:06Z,-40.97,0.0,174.9,0.0,34.0,0.0,ML,,,,1.9,0.2,6,,,
1583587,1980-02-26T06:54:07Z,-44.43,0.0,170.04,0.0,9.0,0.0,ML,,,,2.9,0.0,3,,,
1682831,1980-02-26T14:41:45Z,-40.98,0.0,175.04,0.0,39.0,3.0,ML,,,,1.7,0.2,6,,,
1682832,1980-02-26T22:02:35Z,-41.01,0.1,173.84,0.1,60.0,10.0,ML,,,,3.0,0.1,2,2.4,0.1,2
1682833,1980-02-27T02:05:02Z,-41.3,0.0,175.29,0.0,25.0,1.0,ML,,,,1.9,0.2,6,,,
1682834,1980-02-27T07:32:50Z,-41.25,0.0,175.17,0.0,25.0,0.0,ML,,,,1.9,0.3,10,,,
1682835,1980-02-27T10:54:53Z,-40.61,0.0,174.69,0.0,26.0,1.0,ML,,,,2.8,nan,2,3.0,0.1,9
1560751,1980-02-27T11:20:38Z,-40.21,0.0,174.44,0.0,12.0,0.0,ML,,,,3.6,0.2,6,,,
1682836,1980-02-27T13:50:38Z,-41.25,0.0,175.18,0.0,26.0,1.0,ML,,,,1.7,0.3,6,,,
1682837,1980-02-27T21:24:48Z,-40.86,0.0,174.93,0.0,34.0,1.0,ML,,,,2.1,0.3,6,,,
1682838,1980-02-28T00:21:25Z,-40.99,0.0,175.45,0.0,21.0,1.0,ML,,,,1.5,0.2,4,,,
1682839,1980-02-28T01:45:04Z,-41.23,0.0,173.92,0.0,63.0,4.0,ML,,,,2.5,0.1,5,,,
1583588,1980-02-28T05:59:50Z,-44.18,0.0,169.71,0.0,8.0,1.0,ML,,,,1.7,0.2,6,,,
1560752,1980-02-28T09:06:41Z,-37.52,0.0,176.97,0.0,12.0,0.0,ML,,,,4.7,0.4,13,,,
1560753,1980-02-28T12:33:33Z,-37.52,0.0,177.0,0.0,12.0,0.0,ML,,,,4.0,0.3,7,,,
1682840,1980-02-28T23:29:15Z,-40.84,0.0,174.75,0.0,14.0,0.0,ML,,,,1.8,0.2,5,,,
1682841,1980-02-29T00:42:48Z,-41.23,0.0,173.9,0.0,61.0,0.0,ML,,,,2.3,0.1,5,,,
1682842,1980-02-29T15:19:07Z,-41.39,0.0,175.0,0.0,25.0,1.0,ML,,,,2.3,nan,2,2.3,nan,2
1682843,1980-02-29T15:52:48Z,-41.39,0.0,175.0,0.0,26.0,0.0,ML,,,,1.6,0.1,8,,,
1682844,1980-02-29T17:04:35Z,-40.92,0.0,175.7,0.0,29.0,0.0,ML,,,,2.1,0.2,5,,,
1560756,1980-03-01T02:56:07Z,-47.02,0.1,165.61,0.1,33.0,0.0,ML,,,,4.0,0.2,4,,,
1560757,1980-03-01T06:04:26Z,-44.09,0.0,170.75,0.0,1.0,2.0,ML,,,,4.7,0.3,4,,,
1583590,1980-03-01T06:10:26Z,-44.08,0.0,170.68,0.0,6.0,1.0,ML,,,,3.3,0.1,4,,,
1583591,1980-03-01T06:44:47Z,-44.09,0.0,170.65,0.0,2.0,3.0,ML,,,,2.9,0.1,4,,,
1583592,1980-03-01T07:07:47Z,-44.08,0.0,170.7,0.0,6.0,1.0,ML,,,,1.7,0.1,6,,,
1583593,1980-03-01T07:10:59Z,-44.08,0.0,170.74,0.0,6.0,1.0,ML,,,,1.7,0.1,5,,,
1583594,1980-03-01T07:20:00Z,-44.07,0.0,170.82,0.0,4.0,1.0,ML,,,,1.9,0.2,6,,,
1583595,1980-03-01T07:21:02Z,-44.08,0.0,170.75,0.0,6.0,0.0,ML,,,,1.9,0.2,5,,,
1583596,1980-03-01T08:38:48Z,-44.08,0.0,170.76,0.0,5.0,1.0,ML,,,,1.9,0.2,6,,,
1583597,1980-03-01T08:41:49Z,-44.08,0.0,170.69,0.0,7.0,1.0,ML,,,,2.1,0.1,7,,,
1583598,1980-03-01T10:58:50Z,-44.1,0.0,170.73,0.0,8.0,1.0,ML,,,,2.2,0.1,6,,,
1583599,1980-03-01T11:11:31Z,-44.09,0.0,170.7,0.0,7.0,1.0,ML,,,,2.3,0.1,4,,,
1583600,1980-03-01T16:34:12Z,-44.08,0.0,170.76,0.0,2.0,2.0,ML,,,,2.9,0.1,4,,,
1682845,1980-03-01T16:47:57Z,-41.37,0.0,175.11,0.0,26.0,1.0,ML,,,,1.8,0.1,8,,,
1682846,1980-03-02T03:29:43Z,-41.28,0.0,175.29,0.0,27.0,2.0,ML,,,,1.9,0.3,6,,,
1682847,1980-03-02T03:29:54Z,-40.7,0.0,174.93,0.0,33.0,1.0,ML,,,,2.9,nan,2,3.0,nan,2
1682848,1980-03-02T03:51:52Z,-41.27,0.0,175.3,0.0,26.0,0.0,ML,,,,1.5,0.1,4,,,
1682849,1980-03-02T17:36:18Z,-40.99,0.0,175.54,0.0,27.0,1.0,ML,,,,1.9,0.2,5,,,
1682850,1980-03-02T17:51:24Z,-41.57,0.0,174.67,0.0,32.0,0.0,ML,,,,1.8,0.2,6,,,
1583601,1980-03-02T22:39:38Z,-44.09,0.0,170.67,0.0,8.0,1.0,ML,,,,2.1,0.1,4,,,
1682851,1980-03-03T01:44:23Z,-41.05,0.0,174.77,0.0,30.0,1.0,ML,,,,1.5,0.1,5,,,
1682852,1980-03-03T04:05:11Z,-40.99,0.0,174.41,0.0,43.0,7.0,ML,,,,1.9,0.2,4,,,
1682853,1980-03-03T05:02:06Z,-40.86,0.0,174.7,0.0,16.0,2.0,ML,,,,1.8,0.2,4,,,
1682854,1980-03-03T12:13:11Z,-41.17,0.0,175.22,0.0,29.0,1.0,ML,,,,1.9,0.1,5,,,
1682855,1980-03-03T13:36:44Z,-41.25,0.0,175.17,0.0,26.0,1.0,ML,,,,1.7,0.2,5,,,
1560758,1980-03-03T14:16:42Z,-35.56,0.1,179.56,0.2,300.0,17.0,ML,,,,4.4,0.1,5,,,
1583602,1980-03-03T15:12:47Z,-44.09,0.0,170.71,0.1,3.0,58.0,ML,,,,1.9,0.2,5,,,
1583603,1980-03-03T15:45:58Z,-44.08,0.0,170.73,0.0,6.0,1.0,ML,,,,2.0,0.2,6,,,
1583604,1980-03-03T15:46:17Z,-44.08,0.0,170.71,0.0,8.0,1.0,ML,,,,2.2,0.1,6,,,
1560759,1980-03-03T16:12:19Z,-39.26,0.1,177.82,0.1,12.0,0.0,ML,,,,3.2,0.4,3,,,
1560760,1980-03-03T19:00:22Z,-38.06,0.0,176.1,0.1,172.0,5.0,ML,,,,4.3,0.3,5,,,
1560761,1980-03-03T23:32:13Z,-37.95,0.1,176.38,0.1,189.0,7.0,ML,,,,4.2,0.4,4,,,
1560762,1980-03-04T01:03:37Z,-38.51,0.0,176.78,0.0,33.0,0.0,ML,,,,3.6,0.3,9,,,
1583605,1980-03-04T04:23:44Z,-44.15,0.0,170.58,0.0,8.0,1.0,ML,,,,1.8,0.2,5,,,
1682856,1980-03-04T06:36:42Z,-41.19,0.0,174.2,0.1,43.0,4.0,ML,,,,1.6,0.3,5,,,
1560763,1980-03-04T11:09:01Z,-37.57,0.1,-179.65,0.0,33.0,0.0,ML,,,,3.9,0.1,3,,,
1583606,1980-03-04T14:37:06Z,-44.2,0.0,169.81,0.0,8.0,1.0,ML,,,,1.2,0.2,3,,,
1682857,1980-03-04T19:31:13Z,-40.9,0.0,175.97,0.1,33.0,2.0,ML,,,,2.5,0.2,6,,,
1583607,1980-03-04T20:13:15Z,-44.08,0.0,170.73,0.0,6.0,0.0,ML,,,,1.7,0.2,5,,,
1583608,1980-03-05T00:28:11Z,-44.28,0.0,169.79,0.0,13.0,2.0,ML,,,,1.6,0.1,3,,,
1682858,1980-03-05T04:40:10Z,-41.06,0.0,174.77,0.0,30.0,1.0,ML,,,,1.7,0.1,6,,,
1682859,1980-03-05T06:43:24Z,-41.25,0.0,174.52,0.0,32.0,1.0,ML,,,,1.8,0.2,6,,,
1682860,1980-03-05T13:50:07Z,-41.0,0.0,175.38,0.0,28.0,0.0,ML,,,,1.9,0.1,3,,,
1682861,1980-03-05T16:35:23Z,-41.55,0.0,174.52,0.0,22.0,2.0,Md,,,,,,,2.8,0.3,6
1583609,1980-03-05T17:42:22Z,-44.09,0.0,170.69,0.0,3.0,1.0,ML,,,,3.3,0.2,4,,,
1560764,1980-03-05T18:27:47Z,-46.37,0.0,166.61,0.1,33.0,0.0,ML,,,,3.9,0.1,4,,,
1682862,1980-03-05T19:56:44Z,-41.24,0.0,175.16,0.0,24.0,0.0,ML,,,,2.1,0.1,3,,,
1583610,1980-03-05T20:22:41Z,-44.12,0.0,170.34,0.0,7.0,0.0,ML,,,,1.4,0.1,3,,,
1583611,1980-03-05T21:38:29Z,-44.09,0.0,170.73,0.0,2.0,0.0,ML,,,,1.4,0.1,4,,,
1682863,1980-03-06T01:00:44Z,-41.43,0.0,174.17,0.0,25.0,1.0,ML,,,,2.0,0.2,5,,,
1583612,1980-03-06T03:38:32Z,-43.77,0.0,169.76,0.0,5.0,2.0,ML,,,,1.9,0.3,7,,,
1583613,1980-03-06T06:47:10Z,-44.08,0.0,170.69,0.0,6.0,1.0,ML,,,,1.9,0.2,6,,,
1583614,1980-03-06T14:06:32Z,-44.8,0.0,169.95,0.0,0.0,4.0,ML,,,,2.2,0.2,7,,,
1560765,1980-03-06T16:12:09Z,-37.66,0.2,176.42,0.0,12.0,0.0,ML,,,,3.0,0.2,3,,,
1560766,1980-03-06T16:12:58Z,-37.95,0.1,176.34,0.0,12.0,0.0,ML,,,,3.1,0.1,3,,,
1682864,1980-03-06T20:40:47Z,-40.78,0.0,174.77,0.0,20.0,2.0,ML,,,,1.9,0.2,3,,,
1560767,1980-03-06T22:03:12Z,-37.69,0.1,177.45,0.1,69.0,16.0,ML,,,,3.4,0.3,5,,,
1682865,1980-03-07T03:42:10Z,-40.81,0.0,174.55,0.0,49.0,3.0,ML,,,,2.9,0.1,2,3.0,0.2,3
1583615,1980-03-07T12:34:14Z,-44.08,0.0,170.71,0.0,6.0,1.0,ML,,,,1.8,0.1,6,,,
1583616,1980-03-07T13:11:43Z,-44.08,0.0,170.72,0.0,6.0,0.0,ML,,,,1.7,0.2,5,,,
1682866,1980-03-07T14:11:38Z,-41.24,0.0,175.15,0.0,25.0,0.0,ML,,,,2.0,0.2,3,,,
1560768,1980-03-08T02:47:56Z,-39.16,0.0,175.4,0.0,119.0,4.0,ML,,,,4.2,0.2,6,,,
1682867,1980-03-08T05:22:13Z,-41.68,0.0,174.51,0.0,30.0,0.0,ML,,,,1.9,0.2,6,,,
1682868,1980-03-08T09:57:21Z,-41.61,0.0,174.3,0.0,24.0,1.0,ML,,,,2.0,0.2,6,,,
1560769,1980-03-08T12:20:27Z,-40.69,0.0,175.84,0.0,71.0,6.0,ML,,,,4.3,0.4,6,,,
1560770,1980-03-08T19:00:52Z,-41.29,0.0,172.27,0.0,12.0,0.0,ML,,,,3.3,0.5,3,,,
1560771,1980-03-08T19:52:31Z,-44.33,0.0,168.42,0.0,12.0,0.0,ML,,,,3.7,0.2,4,,,
1560772,1980-03-09T04:46:01Z,-37.87,0.1,175.97,0.1,242.0,14.0,ML,,,,3.9,0.2,4,,,
1682869,1980-03-09T06:08:04Z,-41.15,0.1,174.3,0.0,71.0,4.0,ML,,,,1.8,0.1,4,,,
1682870,1980-03-09T08:59:31Z,-41.43,0.0,174.48,0.0,57.0,2.0,ML,,,,2.4,0.1,3,,,
1560775,1980-03-09T14:27:58Z,-38.53,0.0,175.67,0.0,177.0,7.0,ML,,,,3.6,0.3,5,,,
1682871,1980-03-09T18:09:54Z,-41.27,0.0,174.78,0.0,26.0,2.0,ML,,,,1.7,0.1,5,,,
1682872,1980-03-10T00:32:36Z,-41.37,0.0,174.65,0.0,31.0,0.0,ML,,,,2.2,0.2,2,,,
1583617,1980-03-10T01:03:43Z,-44.08,0.0,169.95,0.0,10.0,0.0,ML,,,,1.6,0.2,5,,,
1560776,1980-03-10T14:21:18Z,-46.76,0.1,167.03,0.1,33.0,0.0,ML,,,,4.3,0.2,4,,,
1682873,1980-03-10T16:06:03Z,-41.31,0.0,174.89,0.0,28.0,1.0,ML,,,,1.3,0.2,6,,,
1682874,1980-03-10T18:04:48Z,-41.08,0.0,174.97,0.0,25.0,2.0,ML,,,,1.9,0.1,5,,,
1583618,1980-03-10T21:56:56Z,-44.12,0.0,169.96,0.0,7.0,0.0,ML,,,,1.6,0.1,4,,,
1682875,1980-03-10T23:09:08Z,-41.53,0.0,175.19,0.0,26.0,1.0,ML,,,,1.9,0.2,6,,,
1682876,1980-03-10T23:11:40Z,-40.96,0.0,174.61,0.0,52.0,1.0,ML,,,,1.9,0.2,5,,,
1560779,1980-03-11T03:32:51Z,-36.6,0.1,178.27,0.1,155.0,9.0,ML,,,,3.8,0.2,4,,,
1560780,1980-03-11T04:47:00Z,-35.88,0.1,179.4,0.1,33.0,0.0,ML,,,,4.0,0.2,4,,,
1583619,1980-03-11T06:11:32Z,-44.06,0.0,169.96,0.0,10.0,0.0,ML,,,,1.7,0.1,8,,,
1682877,1980-03-11T07:09:11Z,-41.56,0.0,173.85,0.0,41.0,2.0,ML,,,,2.4,0.2,5,,,
1583620,1980-03-11T12:41:58Z,-43.96,0.0,169.58,0.0,4.0,0.0,ML,,,,1.9,0.2,6,,,
1583621,1980-03-11T14:50:46Z,-44.08,0.0,170.68,0.0,4.0,1.0,ML,,,,2.1,0.1,7,,,
1682878,1980-03-11T20:11:37Z,-41.13,0.0,174.22,0.0,50.0,2.0,Md,,,,,,,2.6,0.1,3
1560781,1980-03-11T20:16:08Z,-38.81,0.0,175.62,0.0,147.0,6.0,ML,,,,4.2,0.3,6,,,
1682879,1980-03-11T23:35:04Z,-40.9,0.0,175.03,0.0,32.0,2.0,ML,,,,2.0,0.2,5,,,
1560782,1980-03-12T06:34:03Z,-39.57,0.0,174.33,0.1,59.0,9.0,ML,,,,3.5,0.2,4,,,
1560783,1980-03-12T12:12:54Z,-41.9,0.0,173.45,0.0,33.0,0.0,ML,,,,4.3,0.3,10,,,
1560784,1980-03-12T12:39:36Z,-37.42,0.1,176.94,0.1,1.0,0.0,ML,,,,3.5,0.3,4,,,
1682880,1980-03-12T20:09:16Z,-41.27,0.0,175.14,0.0,30.0,2.0,ML,,,,1.8,0.2,6,,,
1682881,1980-03-13T02:17:22Z,-41.3,0.0,174.41,0.0,59.0,1.0,ML,,,,2.5,0.1,6,,,
1682882,1980-03-13T02:30:18Z,-41.04,0.0,174.69,0.0,32.0,1.0,ML,,,,2.0,0.1,5,,,
1682883,1980-03-13T04:30:34Z,-41.23,0.0,173.82,0.1,72.0,9.0,ML,,,,3.3,0.1,2,3.5,nan,2
1682884,1980-03-13T06:36:06Z,-41.31,0.0,174.79,0.0,10.0,1.0,ML,,,,1.8,0.2,5,,,
1560785,1980-03-13T08:27:39Z,-44.69,0.0,167.75,0.0,12.0,0.0,ML,,,,3.8,0.2,5,,,
1682885,1980-03-13T15:48:32Z,-41.41,0.0,175.04,0.0,25.0,1.0,ML,,,,1.6,0.2,6,,,
1682886,1980-03-13T16:44:55Z,-41.39,0.0,175.0,0.0,24.0,0.0,ML,,,,1.5,0.3,6,,,
1682887,1980-03-13T20:21:05Z,-41.36,0.0,173.85,0.0,53.0,2.0,ML,,,,2.6,0.1,5,2.4,nan,1
1682888,1980-03-14T01:51:55Z,-41.14,0.0,175.12,0.0,18.0,1.0,ML,,,,1.5,0.1,5,,,
1682889,1980-03-14T02:03:31Z,-41.15,0.0,174.35,0.0,33.0,4.0,ML,,,,2.2,0.1,5,,,
1682890,1980-03-14T09:10:24Z,-41.39,0.1,173.72,0.1,42.0,3.0,ML,,,,2.0,0.2,5,,,
1682891,1980-03-14T13:14:27Z,-40.92,0.0,174.94,0.0,44.0,2.0,ML,,,,1.9,0.2,6,,,
1682892,1980-03-14T13:28:54Z,-40.9,0.0,174.77,0.0,11.0,4.0,ML,,,,1.5,0.1,5,,,
1682893,1980-03-14T18:20:03Z,-40.99,0.0,175.15,0.1,28.0,8.0,ML,,,,1.9,0.1,5,,,
1560788,1980-03-14T21:11:32Z,-44.15,0.0,168.01,0.0,12.0,0.0,ML,,,,4.3,0.2,5,,,
1560790,1980-03-15T03:33:50Z,-40.38,0.1,173.79,0.1,149.0,10.0,ML,,,,4.3,0.2,2,,,
1682894,1980-03-15T05:13:35Z,-41.37,0.0,175.04,0.0,26.0,1.0,ML,,,,1.7,0.1,7,,,
1682895,1980-03-15T11:20:55Z,-41.15,0.0,174.82,0.0,30.0,1.0,ML,,,,1.9,0.1,8,,,
1682896,1980-03-15T11:51:12Z,-40.87,0.0,174.74,0.0,15.0,0.0,ML,,,,1.7,0.2,5,,,
1682897,1980-03-15T14:33:39Z,-41.62,0.0,174.2,0.0,22.0,1.0,ML,,,,2.3,0.2,5,,,
1682898,1980-03-15T17:27:28Z,-40.88,0.0,175.56,0.0,24.0,1.0,ML,,,,2.2,0.2,7,,,
1682899,1980-03-15T21:15:14Z,-41.05,0.0,174.5,0.0,53.0,2.0,ML,,,,2.0,0.3,5,,,
1682900,1980-03-16T04:10:35Z,-41.42,0.1,174.28,0.0,26.0,11.0,ML,,,,1.6,0.1,5,,,
1560791,1980-03-16T04:56:34Z,-39.08,0.0,175.78,0.0,99.0,4.0,ML,,,,4.5,0.2,5,,,
1583622,1980-03-16T05:39:39Z,-43.83,0.0,169.59,0.0,4.0,0.0,ML,,,,2.3,0.1,8,,,
1682901,1980-03-16T09:17:58Z,-40.97,0.0,174.35,0.0,44.0,3.0,ML,,,,2.3,0.2,7,,,
1682902,1980-03-16T11:03:08Z,-40.98,0.0,173.92,0.0,38.0,4.0,ML,,,,2.1,0.1,4,,,
1682903,1980-03-16T11:11:09Z,-41.65,0.0,175.06,0.0,25.0,0.0,ML,,,,1.9,0.2,6,,,
1682904,1980-03-16T13:53:27Z,-41.29,0.0,173.83,0.0,59.0,3.0,ML,,,,3.0,nan,1,2.7,0.2,5
1682905,1980-03-16T16:57:24Z,-41.04,0.0,175.49,0.0,28.0,1.0,ML,,,,2.9,0.4,2,2.4,0.1,2
1682906,1980-03-16T19:38:01Z,-40.95,0.0,174.6,0.0,40.0,0.0,ML,,,,2.6,0.1,2,2.4,nan,3
1560792,1980-03-17T04:30:09Z,-38.21,0.0,176.2,0.1,183.0,5.0,ML,,,,4.4,0.2,6,,,
1682907,1980-03-17T10:11:06Z,-41.24,0.0,175.06,0.0,13.0,1.0,ML,,,,1.5,0.1,7,,,
1682908,1980-03-17T10:11:34Z,-41.06,0.0,174.8,0.0,27.0,1.0,ML,,,,2.8,nan,1,2.9,0.1,4
1682909,1980-03-17T14:21:34Z,-41.06,0.0,174.81,0.0,27.0,1.0,ML,,,,2.6,0.3,2,2.5,nan,1
1560793,1980-03-18T02:46:33Z,-38.1,0.0,177.56,0.0,12.0,0.0,ML,,,,3.3,0.2,5,,,
1682910,1980-03-18T07:36:47Z,-41.08,0.0,175.24,0.0,27.0,4.0,ML,,,,2.1,0.3,3,,,
1682911,1980-03-18T08:13:42Z,-40.86,0.0,174.81,0.0,15.0,1.0,ML,,,,2.1,0.2,6,,,
1560794,1980-03-18T11:28:05Z,-44.96,0.0,167.76,0.1,127.0,4.0,ML,,,,4.0,0.2,5,,,
1560795,1980-03-18T14:02:04Z,-45.24,0.0,167.54,0.0,74.0,5.0,ML,,,,3.7,0.1,4,,,
1682912,1980-03-18T17:54:04Z,-41.23,0.0,175.08,0.0,9.0,1.0,ML,,,,1.7,0.1,5,,,
1560796,1980-03-19T05:03:20Z,-38.35,0.1,175.79,0.1,204.0,10.0,ML,,,,4.0,0.2,6,,,
1682913,1980-03-19T05:12:36Z,-41.37,0.0,175.01,0.0,28.0,0.0,ML,,,,1.6,0.1,5,,,
1583623,1980-03-19T06:34:18Z,-44.07,0.0,170.69,0.0,3.0,1.0,ML,,,,2.7,0.1,6,,,
1682914,1980-03-19T19:00:09Z,-40.98,0.0,174.72,0.0,43.0,1.0,ML,,,,2.3,nan,1,,,
1560797,1980-03-19T21:59:04Z,-35.83,0.2,177.14,0.4,401.0,25.0,ML,,,,4.1,0.1,5,,,
1682915,1980-03-20T02:33:06Z,-41.62,0.0,174.52,0.0,42.0,1.0,ML,,,,2.3,0.2,5,,,
1682916,1980-03-20T03:00:26Z,-40.98,0.0,174.36,0.0,64.0,0.0,ML,,,,2.0,0.3,4,,,
1560799,1980-03-20T15:02:32Z,-38.59,0.0,175.6,0.1,177.0,7.0,ML,,,,3.7,0.3,5,,,
1682917,1980-03-20T18:25:42Z,-41.26,0.0,175.3,0.0,20.0,3.0,ML,,,,1.6,0.3,5,,,
1560800,1980-03-20T19:54:13Z,-37.49,0.0,176.55,0.1,226.0,4.0,ML,,,,4.0,0.4,4,,,
1682918,1980-03-20T21:33:35Z,-40.84,0.0,174.68,0.0,5.0,7.0,ML,,,,1.9,0.2,4,2.3,nan,1
1682919,1980-03-20T21:34:57Z,-40.85,0.0,174.66,0.0,2.0,4.0,ML,,,,2.5,nan,1,3.0,0.2,3
1560802,1980-03-21T07:05:51Z,-47.92,0.1,165.47,0.1,33.0,0.0,ML,,,,3.7,0.5,2,,,
1682920,1980-03-21T07:59:10Z,-41.11,0.0,174.72,0.0,30.0,1.0,Md,,,,,,,2.7,0.2,9
1682921,1980-03-21T09:09:55Z,-41.12,0.0,174.64,0.0,55.0,1.0,ML,,,,2.1,0.1,8,,,
1560803,1980-03-21T14:59:01Z,-38.92,0.0,175.3,0.1,129.0,7.0,ML,,,,4.0,0.3,5,,,
1682922,1980-03-21T15:15:23Z,-41.22,0.0,174.3,0.0,34.0,1.0,ML,,,,2.0,0.2,6,,,
1560804,1980-03-21T15:28:09Z,-37.47,0.0,177.09,0.0,5.0,0.0,ML,,,,4.9,0.4,6,,,
1682923,1980-03-21T15:34:16Z,-41.37,0.0,175.14,0.0,12.0,0.0,ML,,,,1.3,0.3,8,,,
1560805,1980-03-21T17:27:07Z,-37.53,0.0,177.01,0.0,5.0,0.0,ML,,,,3.9,0.2,5,,,
1682924,1980-03-22T05:12:10Z,-41.33,0.0,174.97,0.0,25.0,1.0,ML,,,,1.9,0.2,5,,,
1682925,1980-03-22T05:12:41Z,-40.84,0.0,174.88,0.0,20.0,1.0,ML,,,,2.7,nan,1,2.7,0.2,4
1560806,1980-03-22T09:21:59Z,-37.53,0.0,177.12,0.0,5.0,0.0,ML,,,,3.6,0.3,6,,,
1682926,1980-03-22T13:28:14Z,-41.02,0.0,174.58,0.0,58.0,4.0,ML,,,,1.5,0.2,4,,,
1560807,1980-03-22T15:53:09Z,-38.99,0.0,178.03,0.0,12.0,0.0,ML,,,,4.3,0.2,8,,,
1682927,1980-03-22T15:59:54Z,-41.11,0.0,174.71,0.0,28.0,1.0,ML,,,,1.3,0.2,5,,,
1682928,1980-03-22T22:44:12Z,-40.69,0.0,174.38,0.0,52.0,2.0,ML,,,,2.5,0.2,4,2.2,nan,1
1583624,1980-03-23T00:42:12Z,-44.28,0.0,170.0,0.0,10.0,0.0,ML,,,,1.7,0.1,6,,,
1560808,1980-03-23T02:45:56Z,-37.49,0.0,177.01,0.0,5.0,0.0,ML,,,,3.4,0.3,4,,,
1583625,1980-03-23T04:08:01Z,-44.33,0.0,170.43,0.0,6.0,1.0,ML,,,,1.5,0.1,4,,,
1560809,1980-03-23T06:50:42Z,-42.17,0.0,172.32,0.0,12.0,0.0,ML,,,,4.6,0.2,10,,,
1682929,1980-03-23T08:02:31Z,-40.88,0.0,174.73,0.0,14.0,1.0,ML,,,,1.3,0.2,5,,,
1682930,1980-03-23T10:52:40Z,-40.98,0.0,174.09,0.1,22.0,6.0,ML,,,,1.9,0.1,4,,,
1682931,1980-03-23T11:10:33Z,-41.19,0.0,174.38,0.0,37.0,2.0,ML,,,,1.8,0.2,5,,,
1682932,1980-03-23T12:31:40Z,-40.84,0.0,174.93,0.0,48.0,1.0,ML,,,,2.2,0.1,7,,,
1682933,1980-03-23T14:20:18Z,-40.93,0.0,175.52,0.0,16.0,3.0,ML,,,,1.7,0.2,5,,,
1682934,1980-03-23T14:21:56Z,-40.91,0.0,175.55,0.0,21.0,2.0,ML,,,,2.4,0.3,3,2.2,nan,1
1682935,1980-03-23T14:32:45Z,-40.91,0.0,175.55,0.0,20.0,2.0,ML,,,,1.8,0.1,5,,,
1560811,1980-03-23T20:03:08Z,-37.19,0.1,179.51,0.1,33.0,0.0,ML,,,,3.8,0.3,5,,,
1682936,1980-03-23T20:32:17Z,-41.23,0.0,175.24,0.0,19.0,2.0,ML,,,,1.5,0.1,6,,,
1583626,1980-03-23T20:39:40Z,-44.07,0.0,170.69,0.0,9.0,1.0,ML,,,,2.0,0.1,6,,,
1682937,1980-03-23T23:50:41Z,-41.23,0.0,175.19,0.0,20.0,1.0,ML,,,,1.6,0.2,9,,,
1583627,1980-03-24T01:13:18Z,-43.68,0.0,170.64,0.0,4.0,2.0,ML,,,,2.0,0.1,6,,,
1682938,1980-03-24T01:35:14Z,-40.85,0.0,175.27,0.0,27.0,2.0,ML,,,,1.9,0.5,6,,,
1682939,1980-03-24T02:02:10Z,-41.18,0.0,175.1,0.0,27.0,1.0,ML,,,,1.3,0.2,5,,,
1583628,1980-03-24T02:43:03Z,-44.09,0.0,170.67,0.0,2.0,1.0,ML,,,,2.1,0.1,8,,,
1682940,1980-03-24T05:57:20Z,-41.12,0.0,174.1,0.0,67.0,3.0,ML,,,,2.7,0.1,3,2.7,0.2,3
1682941,1980-03-24T09:15:32Z,-41.52,0.0,174.37,0.0,20.0,3.0,ML,,,,2.6,0.1,3,2.6,0.1,5
1682942,1980-03-24T14:22:39Z,-40.69,0.0,174.8,0.0,15.0,1.0,ML,,,,2.6,0.1,4,2.7,0.1,4
1682943,1980-03-24T16:00:55Z,-41.4,0.0,175.06,0.0,25.0,0.0,ML,,,,2.9,0.1,2,2.9,0.2,10
1682944,1980-03-24T16:42:11Z,-41.4,0.0,175.07,0.0,26.0,1.0,ML,,,,1.7,0.1,9,,,
1583629,1980-03-24T17:41:30Z,-43.56,0.0,170.55,0.0,4.0,1.0,ML,,,,1.9,0.2,6,,,
1682945,1980-03-24T21:10:17Z,-41.38,0.0,175.04,0.0,37.0,1.0,ML,,,,2.0,0.2,7,,,
1682946,1980-03-25T04:24:59Z,-41.26,0.0,174.12,0.1,42.0,2.0,ML,,,,1.7,0.3,4,,,
1682947,1980-03-25T10:15:36Z,-41.69,0.0,174.58,0.0,54.0,2.0,ML,,,,2.2,0.2,7,,,
1682948,1980-03-25T12:09:58Z,-41.36,0.0,175.12,0.0,26.0,0.0,ML,,,,1.6,0.2,7,,,
1682949,1980-03-25T14:26:02Z,-41.12,0.0,175.59,0.0,17.0,1.0,ML,,,,1.9,0.2,6,,,
1560814,1980-03-25T20:39:50Z,-40.42,0.0,174.8,0.0,12.0,0.0,ML,,,,4.2,0.3,5,,,
1682951,1980-03-26T13:12:02Z,-41.42,0.0,174.9,0.0,14.0,1.0,ML,,,,1.7,0.2,6,,,
1682952,1980-03-26T14:58:24Z,-40.89,0.0,174.75,0.0,14.0,0.0,ML,,,,1.9,0.1,4,,,
1682953,1980-03-26T17:38:21Z,-41.36,0.0,175.12,0.0,27.0,1.0,ML,,,,2.1,0.3,5,,,
1682954,1980-03-26T20:48:17Z,-40.89,0.0,174.56,0.0,1.0,3.0,ML,,,,1.8,0.1,3,,,
1682955,1980-03-27T04:19:30Z,-40.97,0.0,175.57,0.0,21.0,1.0,ML,,,,3.5,0.1,2,3.3,0.1,10
1682956,1980-03-27T04:41:18Z,-41.01,0.0,175.54,0.1,15.0,4.0,ML,,,,2.3,0.2,3,2.2,nan,1
1583630,1980-03-27T08:09:12Z,-43.98,0.0,170.36,0.0,4.0,2.0,ML,,,,2.4,0.1,6,,,
1682957,1980-03-27T13:35:18Z,-40.93,0.0,174.15,0.0,57.0,3.0,ML,,,,2.0,0.1,5,,,
1682958,1980-03-27T18:37:28Z,-41.37,0.0,175.11,0.0,26.0,0.0,ML,,,,2.1,0.2,9,,,
1682959,1980-03-27T20:50:06Z,-41.22,0.0,174.52,0.0,58.0,1.0,ML,,,,2.0,0.2,5,,,
1560816,1980-03-27T21:33:10Z,-46.51,0.1,165.81,0.1,33.0,0.0,ML,,,,3.6,0.4,3,,,
1583631,1980-03-28T07:07:16Z,-43.94,0.0,169.71,0.0,3.0,4.0,ML,,,,1.8,0.2,7,,,
1682960,1980-03-28T08:48:54Z,-41.37,0.0,175.14,0.0,24.0,1.0,ML,,,,1.5,0.3,6,,,
1682961,1980-03-28T12:05:58Z,-40.69,0.0,174.47,0.0,74.0,1.0,ML,,,,2.5,0.3,4,2.5,nan,1
1682962,1980-03-28T12:24:53Z,-41.34,0.0,174.52,0.0,37.0,1.0,ML,,,,1.7,0.2,7,,,
1682963,1980-03-28T14:50:11Z,-41.42,0.0,174.26,0.0,63.0,2.0,ML,,,,2.2,0.1,8,,,
1682964,1980-03-28T22:07:15Z,-40.99,0.0,175.54,0.0,19.0,2.0,ML,,,,1.9,0.2,6,,,
1682965,1980-03-29T05:13:00Z,-41.6,0.0,174.38,0.0,14.0,2.0,ML,,,,1.8,0.1,5,,,
1682966,1980-03-29T19:23:11Z,-41.03,0.0,174.69,0.0,62.0,2.0,ML,,,,2.2,0.2,5,,,
1682967,1980-03-29T20:03:51Z,-41.09,0.0,175.01,0.0,24.0,4.0,ML,,,,2.1,0.3,2,2.4,nan,1
1682968,1980-03-30T15:03:41Z,-41.3,0.0,174.32,0.0,35.0,1.0,ML,,,,1.9,0.3,4,,,
1560817,1980-03-31T13:53:41Z,-45.12,0.0,167.54,0.0,104.0,4.0,ML,,,,3.9,0.3,6,,,
1583632,1980-03-31T18:00:45Z,-44.37,0.0,169.53,0.0,10.0,0.0,ML,,,,1.9,0.2,7,,,
1583633,1980-03-31T19:02:37Z,-44.18,0.0,170.03,0.0,6.0,3.0,ML,,,,1.9,0.1,8,,,
1682969,1980-03-31T19:34:35Z,-41.59,0.0,174.68,0.0,30.0,1.0,ML,,,,2.5,0.1,5,,,
1583634,1980-04-01T03:30:57Z,-44.01,0.0,169.7,0.1,8.0,0.0,ML,,,,1.6,0.2,6,,,
1560818,1980-04-01T04:42:38Z,-41.81,0.0,172.61,0.0,33.0,0.0,ML,,,,3.5,0.3,7,,,
1682970,1980-04-01T14:31:57Z,-40.78,0.0,174.44,0.0,76.0,3.0,ML,,,,2.2,0.1,4,,,
1682971,1980-04-01T17:49:39Z,-40.89,0.0,174.73,0.0,12.0,1.0,ML,,,,1.9,0.2,4,,,
1682972,1980-04-02T06:14:29Z,-40.99,0.0,175.57,0.0,28.0,1.0,ML,,,,2.2,0.2,5,,,
1682973,1980-04-02T12:01:00Z,-41.29,0.0,175.27,0.0,24.0,1.0,ML,,,,2.0,0.2,4,,,
1682974,1980-04-02T23:24:39Z,-40.87,0.0,174.73,0.0,13.0,0.0,ML,,,,1.6,0.1,3,,,
1560820,1980-04-03T00:20:47Z,-38.77,0.0,176.65,0.0,67.0,7.0,ML,,,,4.1,0.2,5,,,
1583635,1980-04-03T06:04:03Z,-43.84,0.0,170.69,0.0,6.0,1.0,ML,,,,2.1,0.3,6,,,
1682975,1980-04-03T08:41:20Z,-40.93,0.0,175.16,0.0,31.0,2.0,ML,,,,1.9,0.2,4,,,
1560821,1980-04-03T11:56:42Z,-42.9,0.0,172.84,0.0,12.0,0.0,ML,,,,3.6,0.3,7,,,
1583636,1980-04-03T15:36:44Z,-44.01,0.0,170.42,0.0,13.0,2.0,ML,,,,1.3,0.2,5,,,
1682976,1980-04-03T22:22:55Z,-41.36,0.0,174.68,0.0,20.0,1.0,ML,,,,2.1,0.2,9,,,
1682977,1980-04-04T00:52:43Z,-41.2,0.0,174.63,0.0,47.0,1.0,ML,,,,1.9,0.2,4,,,
1583637,1980-04-04T00:59:54Z,-44.81,0.0,169.97,0.0,0.0,0.0,ML,,,,2.8,0.1,7,,,
1682978,1980-04-04T01:12:56Z,-40.91,0.0,175.48,0.0,27.0,2.0,ML,,,,2.1,0.1,6,,,
1560822,1980-04-04T03:23:04Z,-44.88,0.0,167.73,0.1,77.0,6.0,ML,,,,3.6,0.2,6,,,
1583638,1980-04-04T03:50:18Z,-44.47,0.0,170.2,0.0,6.0,0.0,ML,,,,1.9,0.2,8,,,
1583639,1980-04-04T11:13:50Z,-44.43,0.0,169.44,0.0,4.0,0.0,ML,,,,2.1,0.1,7,,,
1560825,1980-04-04T20:00:58Z,-35.37,0.1,178.08,0.1,12.0,0.0,ML,,,,4.4,0.3,7,,,
1560826,1980-04-04T21:17:36Z,-41.33,0.0,175.14,0.0,33.0,1.0,ML,,,,2.0,0.4,1,,,
1682980,1980-04-04T22:46:56Z,-40.98,0.0,174.74,0.0,61.0,1.0,ML,,,,1.8,0.1,4,,,
1560828,1980-04-05T04:34:14Z,-35.0,0.1,178.6,0.1,33.0,0.0,ML,,,,4.7,0.3,11,,,
1682981,1980-04-05T05:09:47Z,-40.87,0.0,174.74,0.0,14.0,0.0,ML,,,,1.9,0.1,4,,,
1682982,1980-04-05T15:37:35Z,-41.21,0.0,175.35,0.0,28.0,1.0,ML,,,,1.8,0.2,4,,,
1682983,1980-04-05T16:36:13Z,-41.07,0.0,174.7,0.0,32.0,1.0,ML,,,,1.6,0.3,5,,,
1682984,1980-04-05T17:02:05Z,-40.67,0.0,174.7,0.0,47.0,3.0,ML,,,,2.5,0.1,5,,,
1682985,1980-04-05T22:41:05Z,-41.02,0.0,174.66,0.0,34.0,1.0,ML,,,,1.9,0.1,4,,,
1682986,1980-04-06T00:03:14Z,-41.41,0.0,175.02,0.0,28.0,1.0,ML,,,,1.9,0.1,10,,,
1560830,1980-04-06T00:03:46Z,-45.24,0.0,166.73,0.1,12.0,0.0,ML,,,,3.6,0.3,5,,,
1682987,1980-04-06T02:16:26Z,-40.94,0.0,174.88,0.0,16.0,1.0,ML,,,,1.6,0.3,6,,,
1682988,1980-04-06T08:10:50Z,-41.12,0.0,175.37,0.0,21.0,1.0,ML,,,,1.8,0.3,7,,,
1560831,1980-04-06T13:47:38Z,-46.0,0.0,167.04,0.1,85.0,4.0,ML,,,,3.5,0.2,6,,,
1682989,1980-04-06T15:44:44Z,-40.81,0.0,174.42,0.0,14.0,1.0,ML,,,,2.0,0.2,4,,,
1560832,1980-04-06T15:48:17Z,-46.82,0.1,165.55,0.1,12.0,0.0,ML,,,,4.4,0.1,7,,,
1682990,1980-04-06T17:39:37Z,-41.59,0.0,174.7,0.0,26.0,2.0,ML,,,,1.8,0.2,6,,,
1682991,1980-04-07T04:38:44Z,-41.26,0.0,175.13,0.0,27.0,1.0,ML,,,,1.6,0.1,4,,,
1682992,1980-04-07T05:15:11Z,-41.26,0.0,175.16,0.0,28.0,1.0,ML,,,,1.7,0.1,5,,,
1682993,1980-04-07T05:29:10Z,-41.46,0.0,175.02,0.0,24.0,1.0,ML,,,,1.6,0.2,6,,,
1682994,1980-04-07T15:02:04Z,-41.35,0.0,174.84,0.0,24.0,0.0,ML,,,,1.7,0.1,6,,,
1560833,1980-04-07T19:28:25Z,-46.74,0.0,166.12,0.1,12.0,0.0,ML,,,,3.9,0.3,8,,,
1682995,1980-04-08T03:33:59Z,-40.92,0.0,175.0,0.0,33.0,0.0,ML,,,,2.3,0.2,4,2.2,nan,1
1583640,1980-04-08T07:17:40Z,-43.98,0.0,169.69,0.0,5.0,1.0,ML,,,,1.8,0.3,4,,,
1583641,1980-04-08T07:21:36Z,-43.87,0.0,169.69,0.0,3.0,1.0,ML,,,,2.1,0.1,7,,,
1560834,1980-04-08T09:53:05Z,-45.9,0.0,170.3,0.0,12.0,0.0,ML,,,,3.7,0.2,4,,,
1560835,1980-04-08T14:22:14Z,-37.46,0.0,176.64,0.0,183.0,4.0,ML,,,,4.3,0.3,6,,,
1560836,1980-04-08T15:28:17Z,-44.04,0.1,167.6,0.1,12.0,0.0,ML,,,,4.1,0.2,5,,,
1560837,1980-04-08T19:03:58Z,-39.79,0.0,174.11,0.1,177.0,9.0,ML,,,,3.9,0.4,5,,,
1682996,1980-04-08T19:08:23Z,-41.3,0.0,175.19,0.0,24.0,0.0,ML,,,,2.3,0.1,2,2.3,nan,1
1682997,1980-04-08T21:56:37Z,-41.18,0.0,174.71,0.0,33.0,2.0,ML,,,,2.0,0.2,5,,,
1682998,1980-04-09T06:00:45Z,-41.35,0.0,175.14,0.0,27.0,1.0,ML,,,,2.2,0.2,4,,,
1682999,1980-04-09T08:26:54Z,-40.88,0.0,175.56,0.0,22.0,1.0,ML,,,,2.1,0.1,4,,,
1560838,1980-04-09T14:59:49Z,-37.03,0.0,177.78,0.1,88.0,6.0,ML,,,,4.4,0.2,6,,,
1683000,1980-04-09T16:00:37Z,-41.59,0.0,174.31,0.0,40.0,2.0,ML,,,,2.1,0.2,4,,,
1560839,1980-04-09T20:46:14Z,-36.92,0.0,179.12,0.1,33.0,0.0,ML,,,,4.3,0.2,9,,,
1683001,1980-04-10T04:19:44Z,-40.91,0.0,174.29,0.0,74.0,2.0,ML,,,,2.5,0.1,4,2.2,nan,1
1683002,1980-04-10T13:37:23Z,-41.59,0.0,174.71,0.0,25.0,1.0,ML,,,,1.7,0.2,4,,,
1683003,1980-04-10T18:02:38Z,-40.89,0.0,175.33,0.0,34.0,1.0,ML,,,,2.0,0.2,6,,,
1583642,1980-04-10T23:48:10Z,-44.36,0.0,169.54,0.1,13.0,11.0,ML,,,,1.7,0.2,4,,,
1560841,1980-04-11T05:47:09Z,-37.03,0.1,177.1,0.1,215.0,9.0,ML,,,,4.0,0.3,5,,,
1683004,1980-04-11T05:59:24Z,-40.72,0.0,174.63,0.0,40.0,2.0,ML,,,,2.3,0.1,3,,,
1560842,1980-04-11T13:44:30Z,-39.59,0.0,173.54,0.0,12.0,0.0,ML,,,,3.5,0.4,4,,,
1583643,1980-04-11T16:26:51Z,-44.4,0.0,170.27,0.0,7.0,1.0,ML,,,,1.4,0.1,5,,,
1683005,1980-04-11T19:29:12Z,-40.95,0.0,175.11,0.0,31.0,2.0,ML,,,,1.9,0.3,4,,,
1683006,1980-04-12T04:33:59Z,-41.29,0.0,174.87,0.0,26.0,1.0,ML,,,,1.7,0.3,6,,,
1683007,1980-04-12T10:35:27Z,-40.96,0.0,175.42,0.0,19.0,2.0,ML,,,,2.7,nan,1,2.6,0.2,2
1683008,1980-04-12T11:24:36Z,-41.35,0.0,174.98,0.0,26.0,1.0,ML,,,,1.9,0.2,6,,,
1683009,1980-04-13T01:58:06Z,-41.25,0.0,175.12,0.0,25.0,1.0,ML,,,,1.6,0.1,4,,,
1683010,1980-04-13T05:40:30Z,-41.23,0.0,174.27,0.0,38.0,3.0,ML,,,,1.6,0.1,4,,,
1683011,1980-04-13T06:10:32Z,-41.31,0.0,175.03,0.0,30.0,3.0,ML,,,,1.5,0.4,5,,,
1683012,1980-04-13T14:26:14Z,-40.7,0.0,175.04,0.0,32.0,0.0,ML,,,,2.7,0.2,4,2.6,0.1,3
1683013,1980-04-13T16:20:15Z,-40.89,0.0,174.69,0.0,61.0,1.0,ML,,,,2.5,0.2,8,,,
1583644,1980-04-14T01:23:23Z,-44.54,0.0,170.03,0.0,2.0,1.0,ML,,,,1.9,0.2,4,,,
1583645,1980-04-14T07:00:29Z,-44.11,0.0,170.09,0.0,9.0,0.0,ML,,,,1.9,0.2,6,,,
1683014,1980-04-14T11:27:08Z,-40.65,0.0,174.96,0.0,41.0,1.0,ML,,,,2.2,0.2,5,,,
1683015,1980-04-14T19:05:25Z,-41.28,0.0,175.32,0.0,30.0,1.0,ML,,,,1.9,0.2,4,,,
1560846,1980-04-14T22:51:13Z,-37.14,0.0,177.37,0.1,218.0,6.0,ML,,,,5.1,0.1,5,,,
1683016,1980-04-14T23:48:12Z,-41.53,0.0,175.2,0.0,29.0,2.0,ML,,,,2.1,0.2,4,,,
1583646,1980-04-15T10:24:31Z,-44.08,0.0,170.68,0.0,3.0,1.0,ML,,,,2.2,0.1,7,,,
1683017,1980-04-15T10:44:54Z,-41.24,0.0,173.84,0.1,72.0,3.0,ML,,,,2.2,0.2,5,,,
1683018,1980-04-15T11:26:20Z,-41.61,0.0,174.66,0.0,34.0,0.0,ML,,,,2.0,0.2,9,,,
1683019,1980-04-15T12:03:06Z,-40.89,0.0,175.11,0.0,32.0,1.0,ML,,,,2.1,0.2,9,,,
1583647,1980-04-15T13:04:08Z,-44.91,0.0,169.91,0.0,0.0,0.0,ML,,,,2.3,0.1,4,,,
1583648,1980-04-15T13:38:59Z,-43.93,0.0,169.34,0.0,0.0,0.0,ML,,,,1.7,0.2,5,,,
1683020,1980-04-15T20:48:28Z,-40.9,0.0,175.84,0.0,32.0,1.0,ML,,,,2.4,0.2,7,,,
1560849,1980-04-16T11:45:43Z,-37.45,0.0,177.5,0.1,88.0,10.0,ML,,,,3.9,0.2,6,,,
1683021,1980-04-16T19:17:47Z,-40.98,0.0,175.46,0.0,21.0,1.0,ML,,,,2.5,0.1,4,,,
1683022,1980-04-16T19:32:05Z,-40.98,0.0,175.46,0.0,21.0,1.0,ML,,,,2.4,0.1,6,,,
1683023,1980-04-16T21:46:05Z,-41.07,0.0,174.6,0.0,34.0,2.0,ML,,,,1.6,0.2,5,,,
1560850,1980-04-16T23:07:01Z,-38.91,0.0,175.85,0.0,132.0,5.0,ML,,,,4.4,0.2,6,,,
1560851,1980-04-17T01:08:45Z,-43.23,0.0,171.63,0.0,12.0,0.0,ML,,,,3.7,0.3,5,,,
1683024,1980-04-17T06:46:53Z,-41.35,0.0,174.39,0.0,34.0,1.0,ML,,,,1.7,0.2,5,,,
1560853,1980-04-17T07:21:52Z,-43.35,0.0,171.97,0.0,12.0,0.0,ML,,,,3.6,0.3,6,,,
1560854,1980-04-17T09:10:38Z,-40.19,0.0,176.54,0.1,12.0,0.0,ML,,,,3.7,0.2,7,,,
1683025,1980-04-17T09:47:10Z,-41.61,0.0,174.72,0.0,26.0,4.0,ML,,,,1.7,0.2,7,,,
1583649,1980-04-17T13:27:56Z,-44.18,0.0,170.26,0.0,7.0,1.0,ML,,,,1.4,0.1,5,,,
1583650,1980-04-18T08:50:57Z,-43.78,0.0,169.39,0.0,0.0,0.0,ML,,,,2.3,0.1,6,,,
1560855,1980-04-18T10:18:16Z,-46.3,0.1,166.1,0.1,12.0,0.0,ML,,,,3.6,0.2,4,,,
1560856,1980-04-18T17:32:09Z,-37.23,0.1,176.82,0.1,231.0,7.0,ML,,,,4.2,0.3,7,,,
1560857,1980-04-18T18:35:15Z,-38.53,0.1,176.04,0.1,115.0,19.0,ML,,,,3.7,0.3,6,,,
1683026,1980-04-18T23:59:37Z,-41.3,0.0,175.11,0.0,27.0,1.0,ML,,,,1.6,0.2,7,,,
1683027,1980-04-19T02:41:50Z,-41.29,0.0,175.25,0.0,26.0,1.0,ML,,,,2.0,0.2,8,,,
1560858,1980-04-19T03:33:41Z,-37.89,0.0,176.14,0.1,212.0,6.0,ML,,,,4.7,0.2,4,,,
1560859,1980-04-19T05:40:28Z,-37.3,0.2,176.79,0.1,12.0,0.0,ML,,,,3.8,0.3,6,,,
1560860,1980-04-19T07:47:23Z,-37.5,0.1,176.94,0.1,12.0,0.0,ML,,,,4.6,0.3,8,,,
1560861,1980-04-19T07:55:51Z,-37.39,0.1,176.94,0.1,33.0,0.0,ML,,,,4.3,0.3,6,,,
1683028,1980-04-19T15:35:43Z,-41.46,0.0,174.53,0.0,23.0,1.0,ML,,,,2.8,0.1,2,2.8,0.1,7
1683029,1980-04-19T15:38:13Z,-41.41,0.0,174.38,0.0,32.0,1.0,ML,,,,1.8,0.3,4,,,
1683030,1980-04-19T16:44:42Z,-41.42,0.0,175.07,0.0,27.0,1.0,ML,,,,1.8,0.2,7,,,
1560863,1980-04-19T23:11:09Z,-37.56,0.0,177.0,0.0,12.0,0.0,ML,,,,4.6,0.3,8,,,
1583651,1980-04-20T03:17:30Z,-44.02,0.0,171.08,0.0,4.0,0.0,ML,,,,2.2,0.1,5,,,
1683031,1980-04-20T06:33:28Z,-41.41,0.0,174.73,0.0,26.0,0.0,ML,,,,2.3,0.2,3,2.2,nan,2
1583652,1980-04-20T06:49:08Z,-43.55,0.0,170.23,0.0,0.0,0.0,ML,,,,2.1,0.2,4,,,
1683032,1980-04-20T09:45:05Z,-41.02,0.0,174.84,0.0,30.0,1.0,ML,,,,1.6,0.3,5,,,
1583653,1980-04-20T10:08:10Z,-44.05,0.0,169.97,0.0,8.0,0.0,ML,,,,1.4,0.2,4,,,
1683033,1980-04-20T13:50:45Z,-40.81,0.0,175.88,0.0,34.0,1.0,ML,,,,3.4,0.1,2,3.3,0.1,4
1683034,1980-04-20T17:34:46Z,-41.2,0.0,175.17,0.0,24.0,1.0,ML,,,,1.7,0.3,7,,,
1683035,1980-04-20T17:35:24Z,-41.19,0.0,175.15,0.0,24.0,1.0,ML,,,,1.6,0.2,6,,,
1560865,1980-04-20T17:43:58Z,-42.32,0.1,171.25,0.1,12.0,0.0,ML,,,,3.8,0.2,6,,,
1560866,1980-04-21T01:03:47Z,-41.75,0.0,174.29,0.1,90.0,7.0,ML,,,,4.5,0.2,5,,,
1683037,1980-04-21T04:51:35Z,-41.29,0.0,175.14,0.0,20.0,2.0,ML,,,,2.0,0.2,5,,,
1583654,1980-04-21T06:48:29Z,-44.16,0.0,169.59,0.0,7.0,1.0,ML,,,,2.5,0.1,7,,,
1683038,1980-04-21T09:17:17Z,-41.17,0.0,174.74,0.0,31.0,0.0,ML,,,,1.8,0.3,6,,,
1683039,1980-04-21T12:58:47Z,-41.15,0.0,175.35,0.0,26.0,1.0,ML,,,,1.6,0.2,5,,,
1683040,1980-04-21T14:19:14Z,-40.84,0.0,174.57,0.0,45.0,2.0,ML,,,,2.3,0.2,5,,,
1683041,1980-04-21T14:19:33Z,-41.42,0.0,174.25,0.0,22.0,4.0,ML,,,,1.8,0.1,5,,,
1583655,1980-04-21T17:02:01Z,-44.36,0.0,170.16,0.0,6.0,1.0,ML,,,,1.4,0.2,5,,,
1683042,1980-04-21T20:30:06Z,-41.19,0.0,175.06,0.0,31.0,1.0,ML,,,,1.6,0.3,3,,,
1560870,1980-04-22T00:01:32Z,-37.44,0.0,177.16,0.0,12.0,0.0,ML,,,,4.1,0.3,7,,,
1583656,1980-04-22T05:15:12Z,-44.3,0.0,169.91,0.0,11.0,2.0,ML,,,,1.7,0.1,4,,,
1683043,1980-04-22T13:28:22Z,-41.35,0.0,175.14,0.0,26.0,0.0,ML,,,,2.5,0.2,2,2.5,nan,1
1560872,1980-04-23T14:57:45Z,-41.86,0.0,172.75,0.0,94.0,8.0,ML,,,,4.3,0.4,4,,,
1683044,1980-04-24T00:17:31Z,-41.09,0.0,175.3,0.0,22.0,1.0,ML,,,,1.3,0.2,4,,,
1683045,1980-04-24T00:19:31Z,-41.4,0.0,174.7,0.0,20.0,1.0,ML,,,,2.0,0.1,4,,,
1683046,1980-04-24T06:06:31Z,-40.99,0.0,175.18,0.0,54.0,1.0,ML,,,,2.9,0.1,2,2.3,nan,1
1560873,1980-04-24T08:59:40Z,-46.68,0.1,164.43,0.2,33.0,0.0,ML,,,,5.0,0.2,8,,,
1560874,1980-04-24T18:48:53Z,-45.6,0.1,166.33,0.1,12.0,0.0,ML,,,,3.7,0.4,5,,,
1683047,1980-04-24T19:26:38Z,-41.04,0.0,175.27,0.0,24.0,1.0,ML,,,,1.9,0.1,5,,,
1683048,1980-04-24T21:41:19Z,-41.59,0.0,174.72,0.0,26.0,2.0,ML,,,,2.0,0.3,5,,,
1560875,1980-04-25T01:58:04Z,-39.7,0.0,174.06,0.1,143.0,10.0,ML,,,,3.7,0.3,3,,,
1583657,1980-04-25T05:34:19Z,-44.53,0.0,170.01,0.0,2.0,0.0,ML,,,,1.6,0.2,4,,,
1683049,1980-04-25T05:34:26Z,-41.24,0.0,175.35,0.0,15.0,1.0,ML,,,,1.9,0.2,9,,,
1560876,1980-04-25T09:20:12Z,-42.82,0.0,176.87,0.1,33.0,0.0,ML,,,,4.0,0.3,9,,,
1683050,1980-04-25T10:16:35Z,-41.36,0.0,175.11,0.0,26.0,1.0,ML,,,,2.2,0.1,3,,,
1683051,1980-04-25T10:20:28Z,-41.04,0.0,175.34,0.0,26.0,3.0,ML,,,,1.8,0.3,6,,,
1683052,1980-04-25T11:24:12Z,-41.24,0.0,175.15,0.0,23.0,1.0,ML,,,,1.4,0.1,7,,,
1683053,1980-04-25T18:17:27Z,-41.22,0.0,175.02,0.0,22.0,1.0,ML,,,,2.2,0.2,4,,,
1683054,1980-04-25T19:11:44Z,-41.06,0.0,173.89,0.0,71.0,2.0,ML,,,,2.6,0.1,6,,,
1560879,1980-04-25T23:18:00Z,-37.41,0.0,176.93,0.0,5.0,0.0,ML,,,,3.6,0.4,6,,,
1560880,1980-04-25T23:27:13Z,-37.49,0.1,176.69,0.1,198.0,11.0,ML,,,,3.9,0.3,6,,,
1683055,1980-04-26T06:47:29Z,-41.37,0.0,174.69,0.0,23.0,1.0,ML,,,,2.0,0.1,5,,,
1560881,1980-04-26T07:45:54Z,-37.38,0.1,178.54,0.1,79.0,9.0,ML,,,,3.6,0.2,6,,,
1683056,1980-04-26T11:53:23Z,-41.24,0.0,174.35,0.0,35.0,1.0,ML,,,,1.7,0.2,5,,,
1683057,1980-04-26T13:29:37Z,-40.98,0.0,174.33,0.0,47.0,4.0,Md,,,,,,,2.6,0.1,3
1560882,1980-04-26T16:24:17Z,-45.18,0.0,166.67,0.1,5.0,0.0,ML,,,,4.0,0.3,5,,,
1560883,1980-04-26T17:44:26Z,-45.38,0.0,167.39,0.1,12.0,0.0,ML,,,,3.3,0.3,4,,,
1683058,1980-04-26T18:27:01Z,-41.41,0.0,175.0,0.0,27.0,2.0,ML,,,,2.1,0.2,4,,,
1683059,1980-04-27T01:24:52Z,-40.98,0.0,175.44,0.0,21.0,4.0,ML,,,,1.7,0.3,5,,,
1560884,1980-04-27T04:51:09Z,-40.64,0.0,174.96,0.0,93.0,6.0,ML,,,,4.0,0.2,3,,,
1683061,1980-04-27T13:26:21Z,-40.92,0.0,174.86,0.0,19.0,2.0,ML,,,,2.3,0.2,4,,,
1683062,1980-04-27T17:00:44Z,-41.06,0.0,174.82,0.0,33.0,1.0,ML,,,,1.6,0.1,7,,,
1683063,1980-04-27T18:20:28Z,-40.92,0.0,175.65,0.0,28.0,1.0,ML,,,,2.1,0.2,6,,,
1560885,1980-04-27T19:18:13Z,-44.93,0.1,167.63,0.1,51.0,10.0,ML,,,,3.0,0.1,4,,,
1683064,1980-04-27T19:22:01Z,-40.82,0.0,175.72,0.0,27.0,4.0,ML,,,,1.9,0.2,5,,,
1683065,1980-04-28T13:27:07Z,-41.22,0.0,174.66,0.0,33.0,2.0,ML,,,,1.8,0.2,5,,,
1683066,1980-04-28T13:51:43Z,-41.6,0.0,174.62,0.0,31.0,0.0,ML,,,,2.1,0.3,5,,,
1683067,1980-04-28T18:12:50Z,-41.36,0.0,175.11,0.0,25.0,1.0,ML,,,,1.8,0.1,5,,,
1683068,1980-04-28T19:15:59Z,-41.6,0.0,175.12,0.0,24.0,1.0,ML,,,,2.1,0.0,5,,,
1683069,1980-04-29T04:06:24Z,-41.43,0.0,173.78,0.0,52.0,3.0,ML,,,,3.0,0.1,2,3.4,0.1,7
1683070,1980-04-29T04:09:19Z,-41.04,0.0,175.26,0.0,23.0,1.0,ML,,,,2.4,0.2,2,2.6,0.2,6
1683071,1980-04-29T04:09:49Z,-41.04,0.0,175.26,0.0,24.0,1.0,ML,,,,2.0,0.3,4,,,
1683072,1980-04-29T10:32:09Z,-41.54,0.0,174.95,0.0,34.0,2.0,ML,,,,2.1,0.2,5,,,
1560887,1980-04-29T13:06:35Z,-45.09,0.0,167.59,0.0,119.0,3.0,ML,,,,3.9,0.3,5,,,
1583658,1980-04-29T16:00:55Z,-44.02,0.0,170.4,0.0,4.0,1.0,ML,,,,2.1,0.2,7,,,
1683073,1980-04-29T18:55:44Z,-40.76,0.0,174.63,0.0,38.0,2.0,ML,,,,1.9,0.2,6,,,
1583659,1980-04-30T08:45:48Z,-44.38,0.0,169.55,0.0,16.0,2.0,ML,,,,1.6,0.1,5,,,
1560888,1980-04-30T15:28:06Z,-37.01,0.1,176.6,0.1,282.0,7.0,ML,,,,4.3,0.3,6,,,
1683074,1980-04-30T17:31:50Z,-41.03,0.0,175.5,0.0,21.0,3.0,ML,,,,2.2,0.2,5,,,
1560890,1980-04-30T23:18:33Z,-36.79,0.1,177.11,0.1,268.0,9.0,ML,,,,4.2,0.3,4,,,
1683075,1980-04-30T23:40:48Z,-41.02,0.0,174.78,0.0,30.0,0.0,ML,,,,1.8,0.2,6,,,
1683076,1980-05-01T03:21:09Z,-41.5,0.1,174.49,0.0,57.0,4.0,ML,,,,1.9,0.1,4,,,
1583660,1980-05-01T06:04:54Z,-44.02,0.0,170.4,0.0,7.0,1.0,ML,,,,1.7,0.1,5,,,
1583661,1980-05-01T06:05:05Z,-44.03,0.0,170.41,0.0,6.0,0.0,ML,,,,2.4,0.2,6,,,
1683077,1980-05-01T06:12:53Z,-41.26,0.0,175.31,0.0,26.0,1.0,ML,,,,1.5,0.2,7,,,
1683078,1980-05-01T11:23:02Z,-40.82,0.0,174.75,0.0,16.0,3.0,ML,,,,1.5,0.2,4,,,
1683079,1980-05-01T15:36:19Z,-40.91,0.0,174.99,0.0,55.0,1.0,ML,,,,2.2,0.3,7,,,
1683080,1980-05-02T02:03:51Z,-41.18,0.0,174.37,0.0,34.0,3.0,ML,,,,2.3,0.2,5,2.3,nan,1
1683081,1980-05-02T04:07:07Z,-41.54,0.0,174.42,0.0,20.0,2.0,ML,,,,1.8,0.2,5,,,
1560893,1980-05-02T08:18:01Z,-38.77,0.1,177.73,0.1,33.0,0.0,ML,,,,3.3,0.3,7,,,
1683082,1980-05-02T09:41:09Z,-40.97,0.0,175.12,0.0,26.0,2.0,ML,,,,2.0,0.3,6,,,
1560894,1980-05-02T16:42:44Z,-40.84,0.0,172.98,0.1,211.0,5.0,ML,,,,3.8,0.4,5,,,
1683083,1980-05-02T19:43:17Z,-40.84,0.0,174.73,0.0,12.0,2.0,ML,,,,2.0,0.1,5,,,
1560897,1980-05-02T23:04:33Z,-38.78,0.1,176.06,0.1,1.0,0.0,ML,,,,2.8,0.2,3,,,
1560898,1980-05-03T00:14:16Z,-35.35,0.1,178.66,0.1,257.0,10.0,ML,,,,4.4,0.3,6,,,
1683084,1980-05-03T10:37:02Z,-41.05,0.0,175.44,0.0,25.0,1.0,ML,,,,1.7,0.2,4,,,
1560899,1980-05-03T10:48:21Z,-39.5,0.0,175.74,0.0,12.0,0.0,ML,,,,3.4,0.4,5,,,
1683085,1980-05-03T12:12:11Z,-41.64,0.0,174.58,0.0,30.0,1.0,ML,,,,2.2,0.3,6,,,
1683086,1980-05-03T15:32:30Z,-40.97,0.0,175.43,0.0,20.0,5.0,ML,,,,1.8,0.3,5,,,
1683087,1980-05-03T15:32:44Z,-41.42,0.0,175.05,0.0,17.0,2.0,ML,,,,1.8,0.1,5,,,
1560900,1980-05-04T03:58:45Z,-39.99,0.0,175.62,0.0,12.0,0.0,ML,,,,3.9,0.3,8,,,
1683088,1980-05-04T07:33:17Z,-41.16,0.0,174.33,0.0,37.0,3.0,ML,,,,2.2,0.1,5,,,
1560901,1980-05-04T09:05:16Z,-37.43,0.1,177.67,0.1,124.0,9.0,ML,,,,4.0,0.2,7,,,
1683089,1980-05-04T13:48:04Z,-41.0,0.0,175.35,0.0,22.0,1.0,ML,,,,1.8,0.3,6,,,
1583662,1980-05-04T16:10:31Z,-43.98,0.0,170.29,0.0,2.0,1.0,ML,,,,1.8,0.1,5,,,
1583663,1980-05-04T17:32:41Z,-44.68,0.0,169.95,0.0,4.0,2.0,ML,,,,2.0,0.1,5,,,
1683090,1980-05-04T18:06:48Z,-41.16,0.0,175.12,0.0,25.0,1.0,ML,,,,1.4,0.2,6,,,
1683091,1980-05-04T19:01:14Z,-41.03,0.0,174.47,0.0,39.0,2.0,ML,,,,2.1,0.2,5,,,
1583664,1980-05-04T21:02:21Z,-44.55,0.0,169.92,0.0,44.0,1.0,ML,,,,3.4,0.1,4,,,
1560903,1980-05-04T22:15:30Z,-37.32,0.0,176.98,0.0,12.0,0.0,ML,,,,3.7,0.3,6,,,
1683092,1980-05-05T06:09:08Z,-40.57,0.0,174.89,0.0,17.0,5.0,ML,,,,1.9,0.1,6,,,
1583665,1980-05-05T11:53:23Z,-44.68,0.0,169.93,0.0,4.0,1.0,ML,,,,1.9,0.2,4,,,
1583666,1980-05-05T17:17:30Z,-44.68,0.0,169.42,0.0,3.0,1.0,ML,,,,1.7,0.1,5,,,
1560904,1980-05-05T23:32:32Z,-41.23,0.0,172.41,0.0,12.0,0.0,ML,,,,4.4,0.3,7,,,
1560905,1980-05-06T00:43:18Z,-41.26,0.0,172.37,0.0,5.0,0.0,ML,,,,4.5,0.3,7,,,
1583667,1980-05-06T01:07:46Z,-44.09,0.0,170.69,0.0,4.0,1.0,ML,,,,2.1,0.1,7,,,
1560906,1980-05-06T01:18:20Z,-41.23,0.0,172.41,0.0,5.0,0.0,ML,,,,3.7,0.3,4,,,
1560907,1980-05-06T01:20:33Z,-41.26,0.0,172.38,0.0,12.0,0.0,ML,,,,3.9,0.2,4,,,
1583668,1980-05-06T01:35:03Z,-44.09,0.0,170.68,0.0,3.0,1.0,ML,,,,2.2,0.2,7,,,
1583669,1980-05-06T01:38:48Z,-44.09,0.0,170.69,0.0,3.0,1.0,ML,,,,2.3,0.1,7,,,
1683093,1980-05-06T04:06:33Z,-40.84,0.0,174.76,0.0,15.0,1.0,ML,,,,2.4,nan,2,2.3,nan,2
1560908,1980-05-06T12:21:29Z,-38.44,0.0,176.14,0.0,12.0,0.0,ML,,,,2.9,0.3,5,,,
1560909,1980-05-07T01:31:31Z,-36.72,0.1,178.47,0.1,12.0,0.0,ML,,,,3.9,0.4,7,,,
1683094,1980-05-07T04:31:30Z,-41.64,0.0,174.57,0.0,31.0,1.0,ML,,,,2.4,0.1,4,2.2,nan,1
1683095,1980-05-07T14:08:10Z,-41.15,0.0,174.66,0.0,34.0,1.0,ML,,,,1.8,0.1,7,,,
1683096,1980-05-07T16:03:01Z,-41.15,0.0,175.02,0.0,49.0,1.0,ML,,,,1.9,0.2,8,,,
1683097,1980-05-07T20:21:29Z,-41.29,0.0,175.31,0.0,41.0,1.0,ML,,,,2.0,0.3,7,,,
1683098,1980-05-07T20:55:01Z,-41.01,0.0,175.34,0.0,12.0,2.0,ML,,,,2.2,nan,1,2.6,0.1,7
1560911,1980-05-08T06:01:33Z,-37.95,0.0,177.68,0.0,33.0,0.0,ML,,,,3.3,0.1,4,,,
1683099,1980-05-08T06:32:49Z,-40.95,0.0,174.1,0.0,62.0,2.0,ML,,,,2.8,0.1,2,2.4,nan,2
1560912,1980-05-08T10:28:58Z,-40.97,0.0,172.33,0.1,33.0,0.0,ML,,,,3.7,0.2,6,,,
1683100,1980-05-08T14:11:21Z,-41.25,0.0,174.86,0.0,31.0,1.0,ML,,,,1.9,0.2,5,,,
1683101,1980-05-08T18:42:03Z,-40.73,0.0,174.74,0.0,10.0,2.0,ML,,,,1.9,0.2,5,,,
1683102,1980-05-08T20:03:54Z,-40.89,0.0,174.96,0.0,34.0,0.0,ML,,,,2.1,0.2,5,,,
1583670,1980-05-09T00:48:57Z,-43.81,0.0,170.46,0.0,11.0,8.0,ML,,,,1.9,0.1,5,,,
1683103,1980-05-09T06:41:34Z,-41.02,0.0,175.57,0.0,24.0,1.0,Md,,,,,,,2.8,0.1,4
1583671,1980-05-09T11:40:04Z,-44.46,0.0,169.77,0.0,9.0,0.0,ML,,,,1.7,0.2,5,,,
1683104,1980-05-09T13:06:44Z,-40.95,0.0,174.58,0.0,14.0,2.0,ML,,,,2.4,0.2,3,,,
1683105,1980-05-09T15:00:38Z,-41.22,0.0,174.11,0.0,46.0,2.0,ML,,,,3.1,0.1,2,3.0,0.1,5
1683106,1980-05-09T17:05:03Z,-41.61,0.0,174.65,0.0,32.0,0.0,ML,,,,2.3,0.1,3,,,
1683107,1980-05-10T00:43:35Z,-40.89,0.0,174.89,0.0,18.0,1.0,ML,,,,2.0,0.2,7,,,
1560913,1980-05-10T04:21:24Z,-40.99,0.0,175.53,0.0,12.0,0.0,ML,,,,3.5,0.3,5,,,
1683109,1980-05-10T07:53:48Z,-41.13,0.0,174.72,0.0,34.0,0.0,ML,,,,2.1,0.1,5,,,
1683110,1980-05-10T09:04:18Z,-41.47,0.0,174.07,0.0,36.0,2.0,ML,,,,3.5,0.1,2,3.7,0.1,6
1683111,1980-05-10T09:10:02Z,-40.78,0.0,175.02,0.0,39.0,2.0,ML,,,,2.0,0.2,5,,,
1683112,1980-05-10T15:13:05Z,-40.94,0.0,174.65,0.0,14.0,2.0,ML,,,,1.5,0.1,6,,,
1683113,1980-05-10T16:30:28Z,-40.94,0.0,175.69,0.1,39.0,7.0,ML,,,,1.8,0.3,4,,,
1683114,1980-05-10T18:49:30Z,-41.1,0.0,174.24,0.0,51.0,2.0,ML,,,,1.9,0.1,5,,,
1683115,1980-05-10T21:27:50Z,-41.5,0.0,174.86,0.0,24.0,0.0,ML,,,,2.1,0.2,8,,,
1683116,1980-05-10T23:22:25Z,-41.1,0.0,174.24,0.0,51.0,3.0,ML,,,,1.8,0.1,5,,,
1560914,1980-05-11T00:10:44Z,-45.56,0.0,169.86,0.0,12.0,0.0,ML,,,,3.8,0.3,5,,,
1683117,1980-05-11T02:21:43Z,-41.66,0.0,174.52,0.0,31.0,3.0,ML,,,,2.3,0.3,3,,,
1683118,1980-05-11T03:23:43Z,-41.64,0.0,174.51,0.0,32.0,2.0,ML,,,,2.5,0.3,4,,,
1683119,1980-05-11T07:24:00Z,-41.25,0.0,174.14,0.0,48.0,2.0,ML,,,,2.6,0.1,5,,,
1583672,1980-05-11T18:39:42Z,-44.01,0.0,169.6,0.0,4.0,2.0,ML,,,,1.8,0.2,7,,,
1560916,1980-05-11T23:06:33Z,-45.12,0.0,167.62,0.0,142.0,3.0,ML,,,,4.2,0.3,6,,,
1683120,1980-05-12T01:15:04Z,-40.97,0.0,175.6,0.0,29.0,1.0,ML,,,,2.1,0.2,6,,,
1683121,1980-05-12T04:41:14Z,-41.34,0.0,174.34,0.0,33.0,3.0,ML,,,,1.9,0.3,4,,,
1683122,1980-05-12T07:16:36Z,-40.96,0.0,175.17,0.0,34.0,1.0,ML,,,,1.6,0.3,4,,,
1683123,1980-05-12T10:34:52Z,-40.94,0.0,174.56,0.0,13.0,1.0,Md,,,,,,,2.7,0.1,3
1683124,1980-05-12T14:08:00Z,-40.93,0.0,174.56,0.0,21.0,2.0,ML,,,,1.7,0.2,5,,,
1560917,1980-05-12T16:57:08Z,-38.58,0.0,177.56,0.0,33.0,0.0,ML,,,,3.8,0.3,10,,,
1683125,1980-05-13T07:28:00Z,-41.13,0.0,175.16,0.0,8.0,0.0,ML,,,,1.0,0.4,3,,,
1560918,1980-05-13T07:40:59Z,-40.1,0.0,174.75,0.0,12.0,0.0,ML,,,,3.5,0.3,8,,,
1560919,1980-05-13T07:42:57Z,-40.6,0.0,174.63,0.0,12.0,0.0,ML,,,,3.8,0.3,10,,,
1683127,1980-05-13T08:52:43Z,-41.7,0.0,174.5,0.0,31.0,1.0,ML,,,,2.0,0.2,5,,,
1683128,1980-05-13T11:27:40Z,-41.37,0.0,175.11,0.0,26.0,1.0,ML,,,,1.6,0.1,8,,,
1560920,1980-05-13T11:43:49Z,-40.24,0.0,173.87,0.0,131.0,7.0,ML,,,,3.7,0.3,5,,,
1683129,1980-05-13T13:28:30Z,-41.0,0.0,174.5,0.0,66.0,3.0,ML,,,,2.2,0.2,6,,,
1560921,1980-05-13T13:52:03Z,-37.38,0.0,177.15,0.0,12.0,0.0,ML,,,,4.0,0.3,9,,,
1683130,1980-05-13T18:29:52Z,-41.4,0.0,175.48,0.0,16.0,1.0,ML,,,,1.9,0.3,7,,,
1683131,1980-05-13T23:16:19Z,-41.13,0.0,174.7,0.0,30.0,1.0,ML,,,,1.7,0.1,7,,,
1683132,1980-05-14T02:57:38Z,-41.16,0.0,174.98,0.0,6.0,4.0,ML,,,,1.7,0.1,5,,,
1683133,1980-05-14T12:41:26Z,-41.11,0.0,174.98,0.0,28.0,1.0,ML,,,,1.8,0.3,6,,,
1560923,1980-05-15T03:18:55Z,-37.53,0.1,176.39,0.1,193.0,11.0,ML,,,,3.6,0.3,6,,,
1683134,1980-05-15T08:42:09Z,-41.09,0.0,174.92,0.0,31.0,2.0,ML,,,,1.8,0.1,6,,,
1560925,1980-05-15T16:39:10Z,-44.21,0.0,169.74,0.0,6.0,5.0,ML,,,,4.1,0.3,10,,,
1583673,1980-05-15T16:49:25Z,-44.23,0.0,169.81,0.0,8.0,0.0,ML,,,,1.3,0.2,4,,,
1583674,1980-05-15T16:50:25Z,-44.24,0.0,169.82,0.0,9.0,1.0,ML,,,,1.8,0.2,6,,,
1583675,1980-05-15T17:15:36Z,-44.24,0.0,169.82,0.0,9.0,0.0,ML,,,,2.0,0.2,7,,,
1583676,1980-05-15T17:33:16Z,-44.24,0.0,169.82,0.0,5.0,5.0,ML,,,,2.2,0.2,6,,,
1583677,1980-05-15T17:38:57Z,-44.25,0.0,169.85,0.0,8.0,0.0,ML,,,,1.2,0.2,3,,,
1583678,1980-05-15T17:41:44Z,-44.24,0.0,169.81,0.0,8.0,1.0,ML,,,,1.6,0.2,5,,,
1583679,1980-05-15T18:17:33Z,-44.25,0.0,169.82,0.0,9.0,1.0,ML,,,,1.7,0.2,4,,,
1583680,1980-05-15T18:20:28Z,-43.72,0.0,170.09,0.0,4.0,2.0,ML,,,,2.1,0.1,6,,,
1583681,1980-05-15T18:24:50Z,-44.25,0.0,169.83,0.0,9.0,0.0,ML,,,,1.7,0.2,5,,,
1583682,1980-05-15T18:27:45Z,-44.25,0.0,169.84,0.0,6.0,9.0,ML,,,,1.3,0.2,4,,,
1583683,1980-05-15T19:19:05Z,-44.28,0.0,169.83,0.0,12.0,7.0,ML,,,,1.4,0.2,4,,,
1583684,1980-05-15T21:09:29Z,-44.24,0.0,169.83,0.0,8.0,2.0,ML,,,,1.8,0.2,6,,,
1583685,1980-05-15T21:13:59Z,-44.25,0.0,169.84,0.0,5.0,0.0,ML,,,,1.3,0.3,3,,,
1683135,1980-05-15T21:21:01Z,-41.19,0.0,174.88,0.0,17.0,0.0,ML,,,,1.6,0.2,4,,,
1583686,1980-05-15T22:05:38Z,-44.26,0.0,169.84,0.0,9.0,0.0,ML,,,,1.4,0.2,4,,,
1583687,1980-05-16T00:15:36Z,-44.24,0.0,169.83,0.0,8.0,1.0,ML,,,,2.4,0.2,4,,,
1583688,1980-05-16T00:34:47Z,-44.25,0.0,169.83,0.0,8.0,1.0,ML,,,,1.6,0.3,5,,,
1560926,1980-05-16T04:15:42Z,-39.82,0.0,173.9,0.1,212.0,7.0,ML,,,,4.3,0.2,5,,,
1683136,1980-05-16T18:05:30Z,-41.27,0.0,174.85,0.0,25.0,1.0,ML,,,,2.8,0.2,2,2.6,0.3,7
1683137,1980-05-16T20:16:57Z,-41.29,0.0,174.42,0.0,20.0,2.0,ML,,,,2.2,0.1,6,2.2,nan,1
1583689,1980-05-16T22:58:14Z,-44.02,0.0,170.4,0.0,6.0,1.0,ML,,,,3.1,0.1,5,,,
1683138,1980-05-17T01:02:07Z,-40.94,0.0,175.18,0.0,27.0,2.0,ML,,,,1.8,0.2,4,,,
1683139,1980-05-17T02:31:10Z,-40.94,0.0,175.48,0.0,16.0,3.0,ML,,,,3.0,0.1,2,2.8,0.1,4
1560928,1980-05-17T02:35:33Z,-45.46,0.0,167.36,0.1,107.0,6.0,ML,,,,4.8,0.2,6,,,
1560929,1980-05-17T03:59:18Z,-37.46,0.0,177.06,0.1,12.0,0.0,ML,,,,3.7,0.3,10,,,
1560930,1980-05-17T04:01:00Z,-37.41,0.0,177.17,0.0,12.0,0.0,ML,,,,3.2,0.3,5,,,
1683140,1980-05-17T04:19:14Z,-41.03,0.0,174.72,0.0,53.0,1.0,ML,,,,1.9,0.3,5,,,
1583690,1980-05-17T15:08:09Z,-44.24,0.0,169.83,0.0,2.0,2.0,ML,,,,1.8,0.2,7,,,
1683141,1980-05-17T15:45:04Z,-41.1,0.1,174.1,0.1,50.0,4.0,ML,,,,2.3,0.2,5,,,
1583691,1980-05-17T21:26:58Z,-44.23,0.0,169.83,0.0,3.0,8.0,ML,,,,1.9,0.3,7,,,
1683142,1980-05-18T15:08:03Z,-41.02,0.0,174.78,0.0,5.0,0.0,ML,,,,2.3,0.1,3,,,
1583692,1980-05-18T17:09:16Z,-43.54,0.0,170.0,0.1,23.0,3.0,ML,,,,2.0,0.2,5,,,
1683143,1980-05-18T18:13:53Z,-40.97,0.0,175.46,0.0,29.0,2.0,ML,,,,1.8,0.3,5,,,
1683144,1980-05-18T22:37:22Z,-41.37,0.0,173.75,0.0,54.0,2.0,Md,,,,,,,3.0,0.1,3
1683145,1980-05-18T22:41:10Z,-41.37,0.0,175.13,0.0,26.0,1.0,ML,,,,1.6,0.2,5,,,
1583693,1980-05-19T05:58:11Z,-43.69,0.0,170.08,0.0,1.0,5.0,ML,,,,1.7,0.1,6,,,
1583694,1980-05-19T09:27:35Z,-44.23,0.0,169.81,0.0,8.0,1.0,ML,,,,2.1,0.1,6,,,
1683146,1980-05-19T10:47:20Z,-41.36,0.0,175.61,0.0,15.0,0.0,ML,,,,2.2,0.4,3,,,
1683147,1980-05-19T10:49:10Z,-41.34,0.0,175.58,0.0,13.0,1.0,ML,,,,2.4,0.3,3,,,
1583695,1980-05-19T11:00:16Z,-44.09,0.0,170.68,0.0,3.0,1.0,ML,,,,2.0,0.2,6,,,
1583696,1980-05-19T13:02:51Z,-43.97,0.0,170.02,0.0,10.0,0.0,ML,,,,2.2,0.1,6,,,
1560931,1980-05-19T14:07:56Z,-42.84,0.0,172.38,0.0,12.0,0.0,ML,,,,3.6,0.3,9,,,
1683148,1980-05-19T19:21:47Z,-40.94,0.0,174.56,0.0,17.0,3.0,ML,,,,1.8,0.2,3,,,
1560932,1980-05-19T22:50:19Z,-37.2,0.1,177.23,0.1,182.0,8.0,ML,,,,4.2,0.2,5,,,
1683149,1980-05-20T09:45:41Z,-41.01,0.0,175.61,0.0,28.0,1.0,ML,,,,3.1,nan,2,2.9,0.2,6
1560933,1980-05-20T14:04:22Z,-37.88,0.1,176.33,0.0,171.0,6.0,ML,,,,3.9,0.3,7,,,
1683150,1980-05-20T15:59:52Z,-41.28,0.0,175.22,0.0,20.0,1.0,ML,,,,2.0,0.2,7,,,
1683151,1980-05-20T17:58:43Z,-41.65,0.0,174.53,0.0,52.0,3.0,ML,,,,2.5,0.2,5,,,
1583697,1980-05-20T19:10:27Z,-44.44,0.0,170.04,0.0,9.0,1.0,ML,,,,1.9,0.2,6,,,
1560935,1980-05-21T02:07:29Z,-37.25,0.1,179.61,0.1,12.0,0.0,ML,,,,3.5,0.3,6,,,
1560936,1980-05-21T04:17:53Z,-40.35,0.0,175.93,0.0,32.0,1.0,ML,,,,4.8,0.3,11,,,
1560937,1980-05-21T05:51:29Z,-37.79,0.0,178.14,0.0,84.0,7.0,ML,,,,4.7,0.2,5,,,
1683152,1980-05-21T10:52:15Z,-41.04,0.0,174.13,0.0,74.0,2.0,ML,,,,2.5,0.3,4,2.5,nan,1
1560939,1980-05-21T12:01:59Z,-39.58,0.0,176.2,0.0,75.0,4.0,ML,,,,3.5,0.2,6,,,
1683153,1980-05-21T14:45:10Z,-40.99,0.0,175.35,0.0,26.0,2.0,ML,,,,1.7,0.5,4,,,
1683154,1980-05-21T20:15:21Z,-41.56,0.0,174.45,0.0,20.0,2.0,ML,,,,2.7,nan,2,3.1,0.2,10
1683155,1980-05-22T02:34:41Z,-41.1,0.0,174.64,0.0,32.0,3.0,ML,,,,2.0,0.2,6,,,
1560941,1980-05-22T22:35:03Z,-39.63,0.0,177.96,0.0,12.0,0.0,ML,,,,4.1,0.2,11,,,
1583698,1980-05-23T05:25:00Z,-44.24,0.0,169.83,0.0,5.0,5.0,ML,,,,2.0,0.2,7,,,
1583699,1980-05-23T06:00:02Z,-44.24,0.0,169.83,0.0,7.0,4.0,ML,,,,1.8,0.2,5,,,
1683156,1980-05-23T10:19:39Z,-40.95,0.0,174.18,0.0,50.0,3.0,ML,,,,2.5,0.1,4,,,
1560942,1980-05-23T11:40:40Z,-35.33,0.1,179.12,0.1,258.0,6.0,ML,,,,3.9,0.2,3,,,
1560943,1980-05-23T16:37:29Z,-46.55,0.1,166.21,0.1,12.0,0.0,ML,,,,5.3,0.4,8,,,
1683157,1980-05-23T23:21:34Z,-40.95,0.0,175.75,0.0,31.0,0.0,ML,,,,2.4,0.1,5,,,
1560944,1980-05-24T00:22:39Z,-37.44,0.0,177.14,0.0,12.0,0.0,ML,,,,3.9,0.3,7,,,
1583700,1980-05-24T03:22:38Z,-44.42,0.0,169.32,0.0,4.0,0.0,ML,,,,2.5,0.1,6,,,
1683158,1980-05-24T11:04:53Z,-41.39,0.0,175.32,0.0,15.0,1.0,ML,,,,1.6,0.2,5,,,
1683159,1980-05-24T15:01:42Z,-41.34,0.0,174.16,0.0,45.0,1.0,Md,,,,,,,2.6,0.3,3
1560946,1980-05-24T19:16:17Z,-37.66,0.0,176.75,0.0,12.0,5.0,ML,,,,4.0,0.2,8,,,
1683160,1980-05-25T01:16:50Z,-41.34,0.0,174.22,0.0,34.0,1.0,ML,,,,2.3,0.1,6,,,
1683161,1980-05-25T09:41:44Z,-41.37,0.0,175.12,0.0,28.0,1.0,ML,,,,2.1,0.2,6,,,
1560947,1980-05-25T10:56:19Z,-39.13,0.0,174.76,0.1,219.0,7.0,ML,,,,4.2,0.3,7,,,
1560948,1980-05-25T14:26:24Z,-38.65,0.1,175.51,0.1,176.0,10.0,ML,,,,3.6,0.3,4,,,
1560950,1980-05-25T18:31:56Z,-44.96,0.0,167.68,0.1,12.0,0.0,ML,,,,3.5,0.2,5,,,
1583701,1980-05-25T21:41:38Z,-44.24,0.0,169.82,0.0,7.0,3.0,ML,,,,2.2,0.2,5,,,
1683162,1980-05-25T21:59:42Z,-41.5,0.0,174.76,0.0,22.0,1.0,ML,,,,1.7,0.2,4,,,
1683163,1980-05-25T23:47:43Z,-40.91,0.0,175.47,0.0,26.0,2.0,ML,,,,3.2,nan,1,2.9,0.1,3
1683164,1980-05-26T00:40:26Z,-40.91,0.0,175.5,0.0,32.0,2.0,ML,,,,1.7,0.2,4,,,
1560951,1980-05-26T05:00:20Z,-39.77,0.0,178.21,0.1,12.0,0.0,ML,,,,3.8,0.3,7,,,
1683165,1980-05-26T14:17:43Z,-40.89,0.0,175.45,0.0,14.0,1.0,ML,,,,1.7,0.4,5,,,
1583702,1980-05-26T22:32:09Z,-44.23,0.0,169.81,0.0,9.0,2.0,ML,,,,1.7,0.2,5,,,
1583703,1980-05-26T22:55:10Z,-44.23,0.0,169.82,0.0,8.0,1.0,ML,,,,2.0,0.2,7,,,
1683166,1980-05-27T07:36:33Z,-41.56,0.0,174.09,0.1,34.0,2.0,ML,,,,3.0,nan,2,3.1,0.2,10
1560953,1980-05-27T10:27:02Z,-37.28,0.1,177.5,0.1,206.0,8.0,ML,,,,3.8,0.1,4,,,
1683167,1980-05-27T11:12:46Z,-41.53,0.0,174.13,0.1,34.0,2.0,ML,,,,3.3,nan,2,3.5,0.2,10
1683168,1980-05-27T13:55:48Z,-41.54,0.0,174.19,0.0,23.0,1.0,ML,,,,2.0,0.3,7,,,
1560954,1980-05-27T15:02:26Z,-37.98,0.1,175.94,0.1,290.0,6.0,ML,,,,4.9,0.2,7,,,
1583704,1980-05-28T00:06:07Z,-44.4,0.0,170.26,0.0,9.0,0.0,ML,,,,2.5,0.2,4,,,
1683169,1980-05-28T04:13:56Z,-40.98,0.0,174.41,0.0,46.0,5.0,ML,,,,2.2,0.1,6,,,
1683170,1980-05-28T13:32:58Z,-40.88,0.0,174.74,0.0,14.0,1.0,ML,,,,1.6,0.1,4,,,
1683171,1980-05-28T15:07:51Z,-40.96,0.0,175.61,0.0,30.0,3.0,ML,,,,1.8,0.3,5,,,
1683172,1980-05-28T18:24:14Z,-40.89,0.0,174.95,0.0,32.0,1.0,ML,,,,2.6,0.2,3,2.5,nan,1
1683173,1980-05-29T00:03:42Z,-41.22,0.0,175.05,0.0,8.0,1.0,ML,,,,2.0,nan,1,2.4,0.2,3
1560955,1980-05-29T03:08:35Z,-40.48,0.0,174.68,0.0,9.0,5.0,ML,,,,3.8,0.3,7,,,
1583705,1980-05-29T05:02:05Z,-43.94,0.0,170.01,0.0,3.0,3.0,ML,,,,2.1,0.1,6,,,
1683175,1980-05-29T05:53:30Z,-41.26,0.0,174.95,0.0,27.0,1.0,ML,,,,1.6,0.2,5,,,
1560957,1980-05-29T09:50:03Z,-44.28,0.0,169.88,0.1,12.0,0.0,ML,,,,3.8,0.2,6,,,
1583707,1980-05-29T09:59:07Z,-44.24,0.0,169.84,0.0,6.0,4.0,ML,,,,1.8,0.2,6,,,
1683176,1980-05-29T10:02:38Z,-41.44,0.0,174.55,0.0,22.0,0.0,ML,,,,1.9,0.2,6,,,
1583708,1980-05-29T10:20:21Z,-44.24,0.0,169.82,0.0,9.0,0.0,ML,,,,1.5,0.2,5,,,
1683177,1980-05-29T10:27:56Z,-41.18,0.0,174.23,0.0,43.0,3.0,ML,,,,1.8,0.1,5,,,
1683178,1980-05-29T11:49:16Z,-41.21,0.0,174.36,0.0,35.0,0.0,ML,,,,2.5,nan,1,2.8,0.2,5
1560959,1980-05-29T21:22:21Z,-37.67,0.0,176.26,0.0,309.0,2.0,ML,,,,4.1,0.2,2,,,
1683179,1980-05-30T05:14:17Z,-40.43,0.0,174.89,0.0,45.0,1.0,ML,,,,3.5,0.2,2,3.6,nan,2
1683180,1980-05-30T11:14:47Z,-40.97,0.0,173.97,0.0,52.0,3.0,ML,,,,2.0,0.1,5,,,
1683181,1980-05-31T01:13:28Z,-41.24,0.0,175.07,0.0,23.0,1.0,ML,,,,1.4,0.2,4,,,
1683182,1980-05-31T06:16:56Z,-41.03,0.0,176.01,0.1,32.0,1.0,ML,,,,2.2,0.3,4,,,
1683183,1980-05-31T17:03:36Z,-41.64,0.0,174.62,0.0,30.0,0.0,ML,,,,1.8,0.2,4,,,
1560962,1980-06-01T02:33:25Z,-46.41,0.1,165.89,0.1,12.0,0.0,ML,,,,3.7,0.2,4,,,
1560963,1980-06-01T11:29:26Z,-41.36,0.0,172.85,0.1,153.0,5.0,ML,,,,4.2,0.1,5,,,
1560964,1980-06-01T17:39:32Z,-38.24,0.0,179.03,0.1,12.0,0.0,ML,,,,3.8,0.3,8,,,
1583709,1980-06-01T21:20:42Z,-44.34,0.0,169.54,0.0,5.0,2.0,ML,,,,2.0,0.1,6,,,
1560965,1980-06-01T23:58:21Z,-36.73,0.1,177.39,0.1,253.0,10.0,ML,,,,3.8,0.2,6,,,
1583710,1980-06-02T08:48:29Z,-44.24,0.0,169.83,0.0,8.0,1.0,ML,,,,2.4,0.1,5,,,
1583711,1980-06-02T08:57:03Z,-44.25,0.0,169.84,0.0,1.0,2.0,ML,,,,1.8,0.1,7,,,
1560966,1980-06-02T20:32:57Z,-39.46,0.0,175.52,0.0,2.0,5.0,ML,,,,3.8,0.3,7,,,
1683184,1980-06-03T04:24:40Z,-41.16,0.0,174.61,0.0,34.0,1.0,ML,,,,2.3,0.2,4,,,
1683185,1980-06-03T15:47:28Z,-41.3,0.0,175.3,0.0,38.0,1.0,ML,,,,2.1,0.3,5,,,
1583712,1980-06-03T18:47:30Z,-43.93,0.0,170.37,0.0,5.0,2.0,ML,,,,2.1,0.2,8,,,
1683186,1980-06-04T00:04:03Z,-40.88,0.0,174.81,0.0,49.0,1.0,ML,,,,2.1,0.2,6,,,
1683187,1980-06-04T05:48:26Z,-40.97,0.0,175.62,0.0,28.0,1.0,ML,,,,2.1,0.1,7,,,
1683188,1980-06-04T06:42:08Z,-40.98,0.0,175.6,0.0,27.0,1.0,ML,,,,1.9,0.2,6,,,
1683189,1980-06-04T09:17:21Z,-41.36,0.0,175.14,0.0,26.0,0.0,ML,,,,2.2,0.2,7,,,
1683190,1980-06-04T09:44:54Z,-40.98,0.0,174.22,0.0,59.0,2.0,ML,,,,2.2,0.1,6,,,
1683191,1980-06-04T10:59:20Z,-41.06,0.0,174.79,0.0,28.0,1.0,ML,,,,2.2,0.1,6,,,
1683192,1980-06-04T12:23:20Z,-41.1,0.0,175.37,0.0,26.0,1.0,ML,,,,1.5,0.2,5,,,
1683193,1980-06-04T16:09:12Z,-41.1,0.0,175.37,0.0,20.0,0.0,ML,,,,1.4,0.3,4,,,
1683194,1980-06-04T17:18:34Z,-41.1,0.0,175.03,0.0,25.0,2.0,ML,,,,1.5,0.2,6,,,
1683195,1980-06-05T02:07:06Z,-41.37,0.0,174.28,0.0,33.0,1.0,ML,,,,2.5,0.2,3,2.8,nan,1
1583713,1980-06-05T07:48:01Z,-44.38,0.0,169.55,0.0,13.0,2.0,ML,,,,2.3,0.1,6,,,
1583714,1980-06-05T09:33:39Z,-43.99,0.0,170.51,0.0,5.0,1.0,ML,,,,2.0,0.1,7,,,
1583715,1980-06-05T12:21:38Z,-44.08,0.0,170.72,0.0,2.0,5.0,ML,,,,1.8,0.1,5,,,
1583716,1980-06-05T15:23:35Z,-44.08,0.0,170.71,0.0,4.0,1.0,ML,,,,1.9,0.2,5,,,
1683196,1980-06-06T02:39:14Z,-41.52,0.0,174.51,0.0,21.0,1.0,ML,,,,1.8,0.3,5,,,
1683197,1980-06-06T09:18:43Z,-40.93,0.0,175.44,0.0,24.0,2.0,ML,,,,2.0,0.2,6,,,
1683198,1980-06-06T14:08:57Z,-41.3,0.0,175.27,0.0,26.0,1.0,ML,,,,1.9,0.2,8,,,
1560969,1980-06-06T17:03:59Z,-37.03,0.1,176.91,0.1,200.0,21.0,ML,,,,3.7,0.5,4,,,
1583717,1980-06-06T20:35:38Z,-44.34,0.0,169.49,0.0,5.0,1.0,ML,,,,2.3,0.1,4,,,
1583718,1980-06-07T02:26:03Z,-44.09,0.0,170.72,0.0,3.0,2.0,ML,,,,2.1,0.1,5,,,
1683199,1980-06-07T06:21:16Z,-41.63,0.0,174.28,0.0,24.0,1.0,ML,,,,1.9,0.2,5,,,
1583719,1980-06-07T15:26:40Z,-44.69,0.0,169.86,0.0,5.0,0.0,ML,,,,1.8,0.1,4,,,
1683200,1980-06-07T17:09:42Z,-41.29,0.0,175.31,0.0,27.0,2.0,ML,,,,1.6,0.2,6,,,
1560970,1980-06-07T17:33:15Z,-38.57,0.1,175.99,0.1,169.0,11.0,ML,,,,4.3,0.4,5,,,
1583720,1980-06-07T21:00:58Z,-44.35,0.0,169.53,0.0,7.0,1.0,ML,,,,2.1,0.1,5,,,
1583721,1980-06-08T01:29:41Z,-43.68,0.0,170.74,0.0,7.0,0.0,ML,,,,2.1,0.2,6,,,
1560971,1980-06-08T02:00:46Z,-44.84,0.0,167.6,0.1,73.0,8.0,ML,,,,3.7,0.3,2,,,
1683201,1980-06-08T04:40:36Z,-41.59,0.0,174.56,0.0,31.0,0.0,ML,,,,1.9,0.2,5,,,
1583722,1980-06-08T08:32:16Z,-44.35,0.0,169.53,0.0,9.0,1.0,ML,,,,2.1,0.1,5,,,
1683202,1980-06-08T12:22:37Z,-40.99,0.0,174.68,0.0,36.0,2.0,ML,,,,1.8,0.1,5,,,
1683203,1980-06-08T13:24:43Z,-41.09,0.0,175.23,0.0,20.0,1.0,ML,,,,1.6,0.2,5,,,
1683204,1980-06-08T16:43:31Z,-41.37,0.0,175.11,0.0,27.0,1.0,ML,,,,2.0,0.2,6,,,
1583723,1980-06-08T21:33:25Z,-43.96,0.0,170.01,0.0,11.0,2.0,ML,,,,2.3,0.1,5,,,
1583724,1980-06-08T23:43:24Z,-44.34,0.0,169.53,0.0,7.0,2.0,ML,,,,2.3,0.1,4,,,
1560975,1980-06-09T15:44:36Z,-39.96,0.0,177.3,0.0,12.0,0.0,ML,,,,3.5,0.3,3,,,
1683205,1980-06-10T00:07:28Z,-41.1,0.0,175.35,0.0,25.0,0.0,ML,,,,1.9,0.2,8,,,
1683206,1980-06-10T01:09:24Z,-41.04,0.0,174.43,0.0,14.0,0.0,ML,,,,1.8,0.2,6,,,
1583725,1980-06-10T08:37:04Z,-43.99,0.0,170.36,0.0,4.0,2.0,ML,,,,1.7,0.2,6,,,
1683207,1980-06-10T12:53:07Z,-40.95,0.0,175.12,0.0,34.0,2.0,ML,,,,2.1,0.1,3,,,
1683208,1980-06-10T13:36:03Z,-41.24,0.0,174.13,0.0,49.0,1.0,ML,,,,2.7,0.1,2,2.7,nan,1
1583726,1980-06-10T17:08:15Z,-44.26,0.0,170.03,0.0,9.0,0.0,ML,,,,1.6,0.1,5,,,
1560977,1980-06-10T22:29:45Z,-47.48,0.1,165.72,0.1,33.0,0.0,ML,,,,4.2,0.2,3,,,
1583727,1980-06-11T14:23:24Z,-44.42,0.0,169.77,0.0,1.0,0.0,ML,,,,1.4,0.2,3,,,
1683209,1980-06-11T15:51:47Z,-40.98,0.0,175.57,0.0,20.0,2.0,ML,,,,1.9,0.3,6,,,
1560979,1980-06-11T23:52:09Z,-45.06,0.0,167.65,0.1,94.0,6.0,ML,,,,3.7,0.3,5,,,
1683210,1980-06-11T23:54:35Z,-41.4,0.0,174.25,0.0,25.0,1.0,ML,,,,2.0,0.1,5,,,
1683211,1980-06-12T00:02:50Z,-41.4,0.0,174.25,0.0,25.0,1.0,ML,,,,1.7,0.1,4,,,
1683212,1980-06-12T02:31:49Z,-41.44,0.0,174.41,0.0,24.0,0.0,ML,,,,1.9,0.3,4,,,
1583728,1980-06-12T02:32:57Z,-44.01,0.0,169.58,0.0,5.0,0.0,ML,,,,1.6,0.1,2,,,
1560980,1980-06-12T03:20:33Z,-46.92,0.1,165.7,0.1,33.0,0.0,ML,,,,4.1,0.2,4,,,
1683213,1980-06-12T14:09:28Z,-41.56,0.0,174.55,0.0,55.0,2.0,ML,,,,2.6,nan,1,2.5,0.1,3
1683214,1980-06-12T15:05:59Z,-41.36,0.0,175.11,0.0,28.0,0.0,ML,,,,1.8,0.1,4,,,
1683215,1980-06-13T07:09:51Z,-41.31,0.0,173.78,0.1,55.0,2.0,ML,,,,2.5,0.2,3,,,
1683216,1980-06-13T09:30:14Z,-41.11,0.0,175.36,0.0,25.0,0.0,ML,,,,1.7,0.1,4,,,
1683217,1980-06-13T09:49:40Z,-41.52,0.0,174.16,0.0,32.0,1.0,ML,,,,2.1,0.1,4,,,
1583730,1980-06-13T11:25:57Z,-44.37,0.0,169.55,0.0,14.0,2.0,ML,,,,1.8,0.2,5,,,
1583731,1980-06-13T17:13:40Z,-44.23,0.0,169.95,0.0,8.0,1.0,ML,,,,1.9,0.1,6,,,
1683218,1980-06-13T19:32:46Z,-41.25,0.0,175.01,0.0,36.0,3.0,ML,,,,1.9,0.1,4,,,
1560982,1980-06-13T21:04:47Z,-38.77,0.0,174.6,0.0,5.0,0.0,ML,,,,3.6,0.1,3,,,
1683219,1980-06-14T04:10:44Z,-41.1,0.0,175.36,0.0,25.0,1.0,ML,,,,1.8,0.2,4,,,
1583732,1980-06-15T16:42:12Z,-44.01,0.0,170.42,0.0,13.0,1.0,ML,,,,1.6,0.1,5,,,
1683220,1980-06-15T21:36:48Z,-40.84,0.0,175.25,0.0,31.0,1.0,ML,,,,2.3,0.2,5,,,
1560984,1980-06-16T05:07:39Z,-38.07,0.0,176.41,0.1,170.0,7.0,ML,,,,4.9,0.2,6,,,
1560985,1980-06-16T05:51:58Z,-38.0,0.0,177.1,0.0,0.0,0.0,ML,,,,3.0,nan,1,,,
1560986,1980-06-16T08:14:30Z,-35.17,0.1,178.66,0.2,260.0,21.0,ML,,,,4.3,0.2,6,,,
1683221,1980-06-16T09:59:37Z,-41.02,0.0,174.23,0.0,50.0,3.0,ML,,,,2.3,0.1,5,,,
1560987,1980-06-16T12:26:07Z,-39.48,0.0,177.08,0.0,33.0,0.0,ML,,,,4.4,0.2,9,,,
1560988,1980-06-16T13:36:42Z,-36.79,0.1,176.89,0.2,261.0,14.0,ML,,,,3.8,0.2,4,,,
1560989,1980-06-16T20:30:40Z,-39.49,0.0,177.28,0.1,33.0,0.0,ML,,,,3.6,0.3,2,,,
1683222,1980-06-17T10:19:22Z,-40.89,0.0,174.12,0.0,50.0,4.0,ML,,,,2.0,0.1,5,,,
1683223,1980-06-17T16:03:19Z,-41.11,0.0,175.42,0.0,24.0,1.0,ML,,,,1.7,0.2,6,,,
1683224,1980-06-17T16:54:43Z,-41.37,0.0,175.17,0.0,16.0,1.0,ML,,,,1.6,0.2,7,,,
1683225,1980-06-17T17:24:05Z,-41.37,0.0,175.1,0.0,28.0,2.0,ML,,,,1.8,0.1,9,,,
1683226,1980-06-17T21:51:43Z,-40.84,0.0,174.51,0.0,42.0,2.0,ML,,,,2.3,0.1,3,,,
1583733,1980-06-17T23:45:57Z,-44.14,0.0,169.94,0.0,4.0,0.0,ML,,,,1.8,0.1,3,,,
1683227,1980-06-18T04:58:44Z,-41.21,0.0,175.19,0.0,25.0,1.0,ML,,,,1.4,0.1,4,,,
1683228,1980-06-18T05:14:38Z,-41.48,0.0,174.21,0.0,13.0,1.0,ML,,,,2.4,0.2,4,,,
1583734,1980-06-18T12:27:14Z,-44.12,0.0,169.93,0.0,11.0,1.0,ML,,,,1.9,0.1,4,,,
1583735,1980-06-18T15:01:40Z,-44.38,0.0,169.55,0.0,15.0,3.0,ML,,,,1.5,0.1,3,,,
1583736,1980-06-18T22:27:48Z,-44.18,0.0,169.92,0.0,3.0,0.0,ML,,,,1.4,0.1,3,,,
1583737,1980-06-19T05:14:34Z,-44.28,0.0,170.09,0.0,4.0,2.0,ML,,,,1.6,0.2,7,,,
1683229,1980-06-19T07:39:16Z,-41.5,0.0,174.36,0.0,60.0,1.0,ML,,,,2.8,0.1,3,,,
1683230,1980-06-19T09:13:51Z,-41.19,0.0,174.91,0.0,19.0,1.0,ML,,,,1.4,0.2,4,,,
1560992,1980-06-19T17:38:27Z,-40.44,0.0,174.28,0.0,97.0,5.0,ML,,,,3.8,0.2,6,,,
1683231,1980-06-19T19:10:04Z,-41.41,0.0,175.06,0.0,27.0,1.0,ML,,,,2.0,0.1,6,,,
1683232,1980-06-19T19:11:54Z,-41.41,0.0,175.07,0.0,26.0,1.0,ML,,,,1.6,0.2,6,,,
1583738,1980-06-20T01:45:43Z,-43.84,0.0,169.33,0.1,2.0,0.0,ML,,,,2.6,0.1,7,,,
1683233,1980-06-20T04:35:03Z,-41.18,0.0,174.9,0.0,32.0,1.0,ML,,,,1.6,0.2,5,,,
1583739,1980-06-20T04:50:47Z,-43.89,0.0,169.41,0.0,2.0,0.0,ML,,,,2.1,0.1,6,,,
1683234,1980-06-20T12:16:52Z,-41.4,0.0,174.65,0.0,28.0,1.0,ML,,,,2.0,0.2,5,,,
1683235,1980-06-20T13:18:28Z,-41.48,0.0,175.57,0.0,22.0,1.0,ML,,,,1.9,0.2,6,,,
1560993,1980-06-20T15:57:36Z,-37.3,0.1,176.52,0.1,231.0,12.0,ML,,,,4.0,0.3,6,,,
1583740,1980-06-20T18:30:18Z,-44.46,0.0,169.58,0.0,8.0,1.0,ML,,,,1.9,0.1,6,,,
1583741,1980-06-20T23:25:24Z,-43.87,0.0,169.43,0.0,6.0,3.0,ML,,,,2.4,0.1,5,,,
1583742,1980-06-20T23:25:41Z,-43.85,0.0,169.35,0.0,2.0,0.0,ML,,,,2.6,0.2,5,,,
1560994,1980-06-21T08:09:25Z,-35.81,0.0,178.91,0.0,33.0,0.0,ML,,,,3.9,0.2,7,,,
1560995,1980-06-21T10:48:37Z,-38.99,0.0,178.32,0.1,33.0,0.0,ML,,,,3.9,0.2,9,,,
1683236,1980-06-21T12:47:54Z,-41.33,0.0,174.9,0.0,27.0,2.0,ML,,,,1.9,0.1,8,,,
1583743,1980-06-21T14:06:05Z,-44.47,0.0,169.45,0.0,8.0,0.0,ML,,,,1.7,0.1,3,,,
1583744,1980-06-21T16:07:23Z,-44.47,0.0,169.48,0.0,8.0,1.0,ML,,,,1.8,0.1,4,,,
1683237,1980-06-21T18:31:02Z,-41.02,0.0,174.75,0.0,33.0,1.0,ML,,,,2.2,0.1,4,2.2,nan,1
1583745,1980-06-21T18:45:42Z,-44.47,0.0,169.46,0.0,7.0,1.0,ML,,,,2.0,0.1,5,,,
1583746,1980-06-21T21:37:47Z,-44.44,0.0,169.58,0.0,6.0,1.0,ML,,,,2.4,0.1,6,,,
1560996,1980-06-22T04:28:16Z,-36.84,0.2,176.82,0.2,322.0,23.0,ML,,,,4.0,0.2,5,,,
1560997,1980-06-22T05:11:39Z,-37.94,0.0,176.41,0.0,164.0,4.0,ML,,,,3.7,0.5,4,,,
1683238,1980-06-22T09:10:58Z,-41.31,0.0,175.28,0.0,26.0,1.0,ML,,,,1.9,0.2,7,,,
1683239,1980-06-22T12:12:55Z,-41.14,0.0,174.7,0.0,32.0,1.0,ML,,,,1.7,0.2,5,,,
1683240,1980-06-22T15:45:55Z,-41.26,0.0,174.97,0.0,29.0,1.0,ML,,,,1.7,0.1,6,,,
1683241,1980-06-23T00:53:23Z,-40.85,0.0,174.81,0.0,17.0,1.0,ML,,,,1.7,0.1,5,,,
1560999,1980-06-23T04:19:16Z,-41.47,0.0,173.09,0.1,110.0,9.0,ML,,,,4.1,0.3,3,,,
1683242,1980-06-23T04:38:07Z,-40.79,0.0,174.68,0.0,4.0,4.0,ML,,,,2.1,0.1,4,,,
1561000,1980-06-23T15:45:28Z,-40.69,0.0,174.08,0.0,98.0,6.0,ML,,,,3.4,0.2,4,,,
1561001,1980-06-23T16:45:19Z,-39.9,0.0,175.62,0.0,88.0,8.0,Mw,5.5,nan,0,5.5,nan,1,,,
1561002,1980-06-23T17:22:09Z,-39.93,0.0,175.55,0.0,12.0,0.0,ML,,,,3.4,0.2,8,,,
1561003,1980-06-23T17:23:54Z,-39.9,0.0,175.58,0.0,12.0,0.0,ML,,,,3.0,0.2,7,,,
1683243,1980-06-23T18:51:14Z,-41.05,0.0,174.44,0.0,8.0,3.0,ML,,,,1.6,0.2,4,,,
1561004,1980-06-23T21:19:36Z,-39.9,0.0,175.65,0.0,33.0,0.0,ML,,,,3.8,0.2,9,,,
1561005,1980-06-23T22:29:56Z,-42.55,0.0,174.07,0.0,22.0,3.0,ML,,,,3.8,0.3,7,,,
1683244,1980-06-24T05:54:34Z,-40.9,0.0,175.49,0.0,22.0,3.0,ML,,,,2.3,0.2,5,,,
1561006,1980-06-24T09:49:47Z,-36.24,0.1,178.0,0.1,294.0,7.0,ML,,,,4.0,0.3,6,,,
1683245,1980-06-24T10:56:48Z,-40.9,0.0,174.68,0.0,14.0,1.0,ML,,,,2.1,0.2,3,,,
1683246,1980-06-24T11:48:55Z,-41.43,0.0,174.65,0.0,60.0,1.0,Md,,,,,,,2.8,nan,3
1683247,1980-06-24T12:10:30Z,-40.9,0.0,175.22,0.0,27.0,2.0,ML,,,,1.6,0.4,4,,,
1683248,1980-06-24T14:10:56Z,-40.91,0.0,175.43,0.0,23.0,1.0,ML,,,,1.9,0.3,4,,,
1683249,1980-06-24T16:34:49Z,-41.24,0.0,174.14,0.0,42.0,2.0,ML,,,,3.1,nan,1,3.2,0.1,5
1683250,1980-06-25T03:39:43Z,-41.37,0.0,174.76,0.0,8.0,1.0,ML,,,,1.6,0.2,4,,,
1683251,1980-06-25T06:15:25Z,-40.99,0.0,175.32,0.0,22.0,2.0,ML,,,,2.0,0.2,5,,,
1561007,1980-06-25T12:20:15Z,-42.8,0.0,174.54,0.1,33.0,0.0,ML,,,,3.5,0.5,7,,,
1583747,1980-06-25T16:07:57Z,-43.55,0.0,170.23,0.0,3.0,0.0,ML,,,,2.4,0.2,7,,,
1583748,1980-06-26T02:28:24Z,-44.13,0.0,169.92,0.0,10.0,0.0,ML,,,,1.3,0.1,2,,,
1561009,1980-06-26T05:21:38Z,-41.99,0.0,174.35,0.0,33.0,0.0,ML,,,,3.8,0.3,7,,,
1561010,1980-06-26T17:03:30Z,-40.84,0.0,176.12,0.0,33.0,0.0,ML,,,,3.5,0.4,7,,,
1561011,1980-06-26T18:46:59Z,-39.89,0.0,175.54,0.0,33.0,0.0,ML,,,,3.2,0.2,7,,,
1683252,1980-06-26T19:19:39Z,-41.19,0.0,173.98,0.0,57.0,1.0,ML,,,,2.6,nan,1,2.5,0.1,3
1683253,1980-06-26T19:43:37Z,-41.2,0.0,173.96,0.0,56.0,1.0,ML,,,,2.4,0.1,4,,,
1561012,1980-06-27T08:16:49Z,-40.07,0.0,175.85,0.0,33.0,0.0,ML,,,,4.0,0.3,10,,,
1583749,1980-06-27T17:38:17Z,-44.49,0.0,169.99,0.0,3.0,0.0,ML,,,,1.9,0.2,5,,,
1683254,1980-06-28T02:21:08Z,-41.14,0.0,174.62,0.0,34.0,1.0,ML,,,,2.9,0.1,2,3.0,0.1,4
1683255,1980-06-28T03:26:00Z,-41.08,0.0,174.43,0.0,34.0,3.0,ML,,,,2.0,0.2,5,,,
1683256,1980-06-28T09:09:38Z,-41.75,0.0,174.5,0.0,34.0,1.0,ML,,,,2.4,0.1,7,,,
1683257,1980-06-28T17:26:35Z,-41.49,0.0,174.74,0.0,38.0,3.0,ML,,,,2.2,0.2,6,,,
1561013,1980-06-28T18:28:35Z,-37.81,0.1,176.32,0.1,242.0,11.0,ML,,,,4.6,0.4,5,,,
1683258,1980-06-28T22:06:01Z,-40.9,0.0,175.08,0.0,33.0,3.0,ML,,,,2.1,0.1,4,,,
1683259,1980-06-28T22:12:29Z,-41.43,0.0,174.03,0.0,38.0,1.0,ML,,,,2.4,0.2,6,,,
1683260,1980-06-29T02:54:22Z,-41.02,0.0,174.29,0.0,45.0,2.0,ML,,,,1.9,0.2,4,,,
1683261,1980-06-29T06:48:44Z,-40.92,0.0,174.12,0.0,59.0,2.0,ML,,,,1.9,0.3,5,,,
1683262,1980-06-29T07:11:47Z,-41.4,0.0,175.13,0.0,26.0,0.0,ML,,,,2.2,0.1,6,,,
1683263,1980-06-29T13:16:35Z,-40.91,0.0,174.03,0.0,58.0,3.0,ML,,,,2.4,0.1,7,,,
1561014,1980-06-29T15:56:28Z,-39.89,0.0,175.54,0.0,33.0,0.0,ML,,,,3.9,0.3,8,,,
1683264,1980-06-29T18:56:27Z,-41.51,0.0,175.61,0.0,28.0,1.0,ML,,,,2.2,0.1,7,,,
1683265,1980-06-29T19:33:56Z,-40.99,0.0,175.56,0.0,25.0,1.0,ML,,,,1.9,0.2,5,,,
1683266,1980-06-30T00:01:28Z,-40.95,0.0,175.44,0.0,29.0,2.0,ML,,,,2.3,0.1,4,,,
1561015,1980-06-30T06:34:11Z,-39.52,0.0,177.4,0.1,33.0,0.0,ML,,,,4.3,0.3,10,,,
1683267,1980-06-30T08:31:55Z,-40.73,0.0,174.82,0.0,26.0,0.0,ML,,,,1.6,0.3,4,,,
1561016,1980-06-30T11:20:53Z,-35.33,0.1,178.61,0.1,240.0,9.0,Mw,5.0,nan,0,5.5,0.2,6,,,
1583750,1980-06-30T16:08:10Z,-44.34,0.0,169.52,0.0,9.0,1.0,ML,,,,1.7,0.1,5,,,
1561017,1980-06-30T18:22:04Z,-40.06,0.0,176.54,0.0,33.0,0.0,ML,,,,3.5,0.2,9,,,
