publicid,eventtype,origintime,modificationtime,longitude,latitude,magnitude,depth,magnitudetype,depthtype,evaluationmethod,evaluationstatus,evaluationmode,earthmodel,usedphasecount,usedstationcount,magnitudestationcount,minimumdistance,azimuthalgap,originerror,magnitudeuncertainty
2020p491615,earthquake,2020-06-30T21:32:33Z,2020-07-28T04:53:08Z,178.9399414,-35.11009979,3.86117654,208.0232544,M,NA,LOCSAT,confirmed,manual,iasp91,34,18,9,2.500046492,301.6127625,0.6532463447,0
2020p491586,earthquake,2020-06-30T21:17:16Z,2020-07-28T04:43:18Z,167.5254059,-44.64374542,4.238555511,5,M,operator assigned,LOCSAT,confirmed,manual,iasp91,33,22,16,0.2876941264,215.7848969,0.9553627831,0
2020p489837,earthquake,2020-06-30T05:44:51Z,2020-07-27T03:49:50Z,-177.4160461,-33.93377304,5.112996347,12,mB,operator assigned,LOCSAT,confirmed,manual,iasp91,66,54,21,4.677412033,219.9185028,1.360770863,0.2130251258
2020p489356,earthquake,2020-06-30T01:28:04Z,2020-07-27T03:26:49Z,-177.5469818,-33.14421844,4.85114723,118.2245026,mB,NA,LOCSAT,confirmed,manual,iasp91,49,30,11,3.883312702,215.0444946,1.954937922,0.2174311199
2020p488838,earthquake,2020-06-29T20:52:47Z,2020-07-27T02:19:38Z,178.9881897,-32.87124634,4.324933161,12,M,operator assigned,LOCSAT,confirmed,manual,iasp91,42,26,10,4.713497639,335.5801239,1.882950519,0
2020p488532,earthquake,2020-06-29T18:09:56Z,2020-07-27T02:05:52Z,173.7328644,-42.42166519,3.572760167,7.535254955,M,NA,LOCSAT,confirmed,manual,iasp91,32,26,12,0.03779381886,146.9349442,0.7906273193,0
2020p486396,earthquake,2020-06-28T23:10:02Z,2020-07-26T02:15:09Z,-178.3660889,-33.00034332,4.677720946,33,M,operator assigned,LOCSAT,confirmed,manual,iasp91,33,19,9,3.746190786,200.0407023,1.737449903,0
2020p484450,earthquake,2020-06-28T05:55:16Z,2020-06-28T06:09:24Z,173.4441833,-42.32789993,4.096190951,5,MLv,operator assigned,LOCSAT,confirmed,manual,iasp91,38,26,75,0.1126153469,71.88071823,0.4629655474,0.2231620026
2020p483163,earthquake,2020-06-27T18:29:02Z,2020-07-25T06:50:43Z,-177.8996582,-33.37101746,5.271867034,12,mB,operator assigned,LOCSAT,confirmed,manual,iasp91,26,19,5,4.096354961,175.0944519,1.994769897,0.0831326813
2020p482062,earthquake,2020-06-27T08:42:22Z,2020-07-25T06:43:17Z,-178.8422241,-33.2084198,4.291406161,92.03292847,M,NA,LOCSAT,confirmed,manual,iasp91,27,18,9,4.012574673,192.0420036,0.7442780938,0
2020p481949,earthquake,2020-06-27T07:40:17Z,2020-07-25T06:41:17Z,-178.3961029,-33.26828766,4.656538954,12,M,operator assigned,LOCSAT,confirmed,manual,iasp91,15,12,5,5.455019951,317.2596741,1.714128061,0
2020p481885,earthquake,2020-06-27T07:07:45Z,2020-07-25T06:33:54Z,-178.198349,-33.68647385,4.518615877,12,M,operator assigned,LOCSAT,confirmed,manual,iasp91,29,18,7,4.417331219,208.7902243,1.232281005,0
2020p481860,earthquake,2020-06-27T06:55:29Z,2020-07-25T06:22:51Z,177.1140137,-38.10179138,3.653894231,55.6908989,M,NA,LOCSAT,confirmed,manual,iasp91,31,24,17,0.1572258472,51.1105957,0.3996595673,0
2020p481799,earthquake,2020-06-27T06:21:59Z,2020-07-25T06:21:25Z,-178.3585663,-33.5287323,4.460546578,12,M,operator assigned,LOCSAT,confirmed,manual,iasp91,29,19,9,5.021969795,286.7599182,1.081132573,0
2020p481785,earthquake,2020-06-27T06:14:39Z,2020-07-25T06:18:50Z,-178.0673523,-33.56956482,4.955879159,12,M,operator assigned,LOCSAT,confirmed,manual,iasp91,26,21,14,4.959985256,279.8152466,0.8107055124,0
2020p480708,earthquake,2020-06-26T20:41:34Z,2020-06-26T20:54:41Z,176.1882172,-38.42023087,4.898023306,107.1994019,M,NA,LOCSAT,confirmed,manual,iasp91,86,63,113,0.08085224777,41.71893311,0.5177198233,0
2020p480620,earthquake,2020-06-26T19:53:29Z,2020-07-25T05:35:08Z,-178.5062103,-33.13909531,4.502452168,12,M,operator assigned,LOCSAT,confirmed,manual,iasp91,14,8,5,3.897470713,198.1055551,0.9042325026,0
2020p480511,earthquake,2020-06-26T18:56:28Z,2020-07-25T05:32:19Z,167.5228882,-44.66983414,3.900009381,0.4834284782,M,NA,LOCSAT,confirmed,manual,iasp91,37,23,7,0.2879227102,212.8571701,1.092022455,0
2020p480344,earthquake,2020-06-26T17:27:34Z,2020-07-25T05:20:15Z,179.031311,-36.63030624,3.97880219,12,M,operator assigned,LOCSAT,confirmed,manual,iasp91,35,25,17,1.095924735,273.1423645,1.620323562,0
2020p480282,earthquake,2020-06-26T16:53:27Z,2020-07-25T05:17:15Z,-178.7296143,-33.13841248,4.408919452,12,M,operator assigned,LOCSAT,confirmed,manual,iasp91,21,16,11,3.926030874,193.7548628,0.9644910746,0
2020p480071,earthquake,2020-06-26T14:58:37Z,2020-07-25T04:57:33Z,-178.147934,-33.186943050000004,4.612208615,12,M,operator assigned,LOCSAT,confirmed,manual,iasp91,23,12,6,3.91759181,205.3019042,1.24897526,0
2020p479909,earthquake,2020-06-26T13:34:52Z,2020-07-25T04:53:45Z,-177.6912994,-33.84757233,4.377637152,12,M,operator assigned,LOCSAT,confirmed,manual,iasp91,20,12,5,5.070058346,351.9335938,1.378392457,0
2020p479685,earthquake,2020-06-26T11:36:41Z,2020-07-25T04:37:46Z,167.5278931,-44.67721558,3.932291477,5,M,operator assigned,LOCSAT,confirmed,manual,iasp91,33,23,9,0.2843390107,208.9834061,1.098849815,0
2020p479600,earthquake,2020-06-26T10:51:20Z,2020-07-25T04:29:27Z,174.9661407,-40.41545105,3.507263844,29.28495216,M,NA,LOCSAT,confirmed,manual,iasp91,41,26,17,0.2035913318,91.62120056,0.4620678486,0
2020p478696,earthquake,2020-06-26T02:49:28Z,2020-07-24T05:38:32Z,179.4897156,-35.82635498,3.937510006,98.04599762,M,NA,LOCSAT,confirmed,manual,iasp91,29,23,12,1.976291656,322.610672,0.679459138,0
2020p478510,earthquake,2020-06-26T01:10:15Z,2020-07-24T05:23:12Z,178.9940643,-35.07674408,4.218810944,271.0641479,M,NA,LOCSAT,confirmed,manual,iasp91,37,27,13,2.541836977,313.7175751,0.5254012514,0
2020p477801,earthquake,2020-06-25T18:52:52Z,2020-06-25T18:56:10Z,175.2090607,-41.08369827,3.6366307940000002,25.51541328,M,NA,LOCSAT,confirmed,manual,iasp91,35,23,41,0.0960554406,61.58384705,0.4643285478,0
2020p477310,earthquake,2020-06-25T14:31:05Z,2020-07-24T04:37:40Z,167.5794525,-44.69670868,3.644283182,5,M,operator assigned,LOCSAT,confirmed,manual,iasp91,26,16,9,0.2485869825,205.3931732,0.7785210761,0
2020p476644,earthquake,2020-06-25T08:35:33Z,2020-07-24T04:27:34Z,179.810379,-33.97157288,4.093068569,146.9279938,M,NA,LOCSAT,confirmed,manual,iasp91,26,15,6,4.002932072,173.0290337,1.558220882,0
2020p476596,earthquake,2020-06-25T08:10:37Z,2020-07-24T04:16:57Z,167.425354,-44.62796783,3.975696845,5,M,operator assigned,LOCSAT,confirmed,manual,iasp91,42,31,24,0.3604857028,207.88274,0.6540945024,0
2020p476183,earthquake,2020-06-25T04:30:29Z,2020-06-25T04:33:17Z,167.5055542,-44.68006897,4.21133726,5,M,operator assigned,LOCSAT,confirmed,manual,iasp91,23,16,18,0.3003185391,209.901062,0.6570608579,0
2020p475665,earthquake,2020-06-24T23:54:19Z,2020-06-25T00:02:50Z,167.5465393,-44.67114639,3.657645044,5,M,operator assigned,LOCSAT,confirmed,manual,iasp91,20,14,12,0.271032095,208.4164085,0.519853714,0
2020p475601,earthquake,2020-06-24T23:19:48Z,2020-06-24T23:42:12Z,-178.0873871,-33.67208481,4.76312862,33,M,operator assigned,LOCSAT,confirmed,manual,iasp91,24,16,14,4.398907185,209.0340816,1.363421174,0
2020p475497,earthquake,2020-06-24T22:25:14Z,2020-06-24T22:39:23Z,167.6056824,-44.7165184,3.607632137,5,M,operator assigned,LOCSAT,confirmed,manual,iasp91,19,10,5,0.2327763736,209.2994537,1.102917528,0
2020p475488,earthquake,2020-06-24T22:20:01Z,2020-06-24T22:34:31Z,167.4815063,-44.61588669,5.888094491,5,mB,operator assigned,LOCSAT,confirmed,manual,iasp91,51,43,58,0.3227268755,209.5533447,0.9246779982,0.2059708183
2020p475265,earthquake,2020-06-24T20:17:50Z,2020-07-24T02:32:58Z,-177.9877777,-33.15253067,4.651003285,12,M,operator assigned,LOCSAT,confirmed,manual,iasp91,15,8,5,3.878849506,173.730112,1.524700249,0
2020p475175,earthquake,2020-06-24T19:32:49Z,2020-07-24T02:24:25Z,-178.3279877,-33.34598541,4.620566682,12,M,operator assigned,LOCSAT,confirmed,manual,iasp91,19,12,6,4.086269855,204.5155663,1.532061937,0
2020p475166,earthquake,2020-06-24T19:25:03Z,2020-07-24T02:20:16Z,-178.5070343,-33.83185959,4.444555344,206.039978,M,NA,LOCSAT,confirmed,manual,iasp91,13,9,6,4.536056995,314.5583344,0.5340981598,0
2020p474452,earthquake,2020-06-24T13:07:20Z,2020-07-24T02:12:42Z,-179.0259399,-33.17867661,4.594119512,12,M,operator assigned,LOCSAT,confirmed,manual,iasp91,25,14,9,4.017663956,188.288765,1.269249939,0
2020p474259,earthquake,2020-06-24T11:25:28Z,2020-07-24T02:10:34Z,177.523407,-37.42300415,3.521377625,68.25448608,M,NA,LOCSAT,confirmed,manual,iasp91,45,40,55,0.3910985291,158.200325,0.425415233,0
2020p474087,earthquake,2020-06-24T09:52:55Z,2020-07-24T02:05:49Z,-178.4581299,-34.08882141,4.103938649,12,M,operator assigned,LOCSAT,confirmed,manual,iasp91,25,16,7,4.504102707,352.9368896,4.146281749,0
2020p473902,earthquake,2020-06-24T08:14:05Z,2020-07-24T01:59:54Z,-177.9165649,-33.98005295,4.164650877,12,M,operator assigned,LOCSAT,confirmed,manual,iasp91,21,13,7,4.851602554,312.5775604,1.275710298,0
2020p473841,earthquake,2020-06-24T07:41:32Z,2020-07-24T01:55:01Z,-178.1636505,-33.62679672,4.426471205,12,M,operator assigned,LOCSAT,confirmed,manual,iasp91,27,16,13,4.356385708,170.8354335,1.64931815,0
2020p473812,earthquake,2020-06-24T07:26:05Z,2020-07-24T01:49:44Z,-178.4206085,-33.64703369,3.685597733,12,M,operator assigned,LOCSAT,confirmed,manual,iasp91,21,11,6,4.894078732,353.4085846,1.000515085,0
2020p473727,earthquake,2020-06-24T06:41:05Z,2020-07-24T01:46:07Z,-177.9756012,-33.99495316,5.289325794,12,mB,operator assigned,LOCSAT,confirmed,manual,iasp91,27,19,7,4.669210434,304.3648987,0.8562186236,0.1688255907
2020p473674,earthquake,2020-06-24T06:12:40Z,2020-07-24T01:42:50Z,-178.8183899,-33.46089554,4.667602181,12,M,operator assigned,LOCSAT,confirmed,manual,iasp91,31,21,13,4.255815506,194.208293,1.91069308,0
2020p473664,earthquake,2020-06-24T06:07:07Z,2020-07-24T01:38:49Z,-178.6954803,-33.68612289,4.08032813,12,M,operator assigned,LOCSAT,confirmed,manual,iasp91,22,11,6,4.74617815,354.4118347,1.290049778,0
2020p473650,earthquake,2020-06-24T06:00:00Z,2020-07-24T01:37:16Z,-178.5705109,-33.87660599,3.789816427,12,M,operator assigned,LOCSAT,confirmed,manual,iasp91,23,12,3,4.874654293,353.1031342,1.329906099,0
2020p473527,earthquake,2020-06-24T04:54:40Z,2020-07-24T01:33:38Z,-179.2144928,-33.17681885,4.311713029,12,M,operator assigned,LOCSAT,confirmed,manual,iasp91,24,19,13,4.056973457,184.6435928,0.87436516500000006,0
2020p473517,earthquake,2020-06-24T04:48:54Z,2020-07-24T01:28:08Z,-177.8553009,-34.19501877,4.219293837,12,M,operator assigned,LOCSAT,confirmed,manual,iasp91,24,15,9,4.582304001,310.955246,0.9867864557,0
2020p473495,earthquake,2020-06-24T04:38:08Z,2020-07-23T21:26:18Z,-178.2137299,-33.89123535,4.571980244,12,M,operator assigned,LOCSAT,confirmed,manual,iasp91,37,28,19,4.978145599,307.6343689,0.9489407586,0
2020p473494,earthquake,2020-06-24T04:37:19Z,2020-07-23T23:54:08Z,-178.9510651,-33.44607925,4.417742389,12,M,operator assigned,LOCSAT,confirmed,manual,iasp91,19,13,11,5.028991222,350.3844452,1.394626008,0
2020p473205,earthquake,2020-06-24T02:02:41Z,2020-07-23T21:06:49Z,-178.2773285,-33.97808838,5.281558111,12,mB,operator assigned,LOCSAT,confirmed,manual,iasp91,56,39,17,4.527849674,331.7387238,1.416131556,0.24358011
2020p472860,earthquake,2020-06-23T22:56:40Z,2020-07-23T06:59:33Z,-178.8955994,-34.27043915,4.460288666,240.8262939,M,NA,LOCSAT,confirmed,manual,iasp91,30,22,6,3.99300909,298.9205322,0.9380826049,0
2020p472792,earthquake,2020-06-23T22:22:41Z,2020-07-23T01:43:57Z,-177.48995970000001,-33.40962219,4.896604039,12,mB,operator assigned,LOCSAT,confirmed,manual,iasp91,21,17,7,5.377843857,282.6997986,1.48959116,0.114086198
2020p472664,earthquake,2020-06-23T21:14:53Z,2020-07-23T01:42:00Z,-178.2792664,-33.47693634,4.344165142,12,M,operator assigned,LOCSAT,confirmed,manual,iasp91,34,21,11,4.213150501,168.9897404,0.8266790812,0
2020p472113,earthquake,2020-06-23T16:21:07Z,2020-07-23T01:23:42Z,-178.127594,-33.85225296,4.563476755,12,mB,operator assigned,LOCSAT,confirmed,manual,iasp91,29,16,3,4.596478939,209.4561343,0.9808256724,0.1423582761
2020p472086,earthquake,2020-06-23T16:06:33Z,2020-07-23T01:19:15Z,-178.2673492,-33.92645645,4.42980972,12,M,operator assigned,LOCSAT,confirmed,manual,iasp91,28,15,8,4.726689816,312.6125793,0.9419286967,0
2020p472017,earthquake,2020-06-23T15:29:46Z,2020-07-23T01:16:58Z,-177.9898834,-33.59434509,4.325741917,12,mB,operator assigned,LOCSAT,confirmed,manual,iasp91,22,12,3,5.392360687,352.0851593,0.9424883485,0.1074885297
2020p471989,earthquake,2020-06-23T15:12:52Z,2020-07-23T01:12:24Z,-177.4584961,-33.50178909,4.720398483,12,mB,operator assigned,LOCSAT,confirmed,manual,iasp91,33,20,6,5.322730541,282.0964661,1.214757216,0.1191510603
2020p471652,earthquake,2020-06-23T12:16:25Z,2020-06-23T12:27:25Z,174.9578705,-40.44013596,4.019089494,31.02382469,M,NA,LOCSAT,confirmed,manual,iasp91,99,76,100,0.2057294101,63.19857788,0.4029148301,0
2020p471623,earthquake,2020-06-23T12:00:15Z,2020-07-22T23:39:08Z,-178.9297638,-33.15335083,4.410178022,12,mB,operator assigned,LOCSAT,confirmed,manual,iasp91,22,15,6,5.296784401,313.2709351,0.7381928502,0.1282648974
2020p471592,earthquake,2020-06-23T11:43:40Z,2020-07-22T23:34:29Z,-178.2198029,-33.753349300000004,4.302627625,12,mB,operator assigned,LOCSAT,confirmed,manual,iasp91,21,15,3,5.086969376,314.05867,1.062405455,0.09781326265
2020p471485,earthquake,2020-06-23T10:46:12Z,2020-07-22T23:31:14Z,-178.0452118,-34.27487183,4.416454691,12,mB,operator assigned,LOCSAT,confirmed,manual,iasp91,22,16,3,4.763204098,310.2974701,0.6720794087,0.2182742753
2020p471270,earthquake,2020-06-23T08:52:04Z,2020-07-22T23:28:21Z,-178.1551971,-33.72192001,4.607050478,12,M,operator assigned,LOCSAT,confirmed,manual,iasp91,45,24,14,4.793838978,297.2314453,1.308353888,0
2020p471210,earthquake,2020-06-23T08:21:11Z,2020-06-23T08:24:33Z,174.6837463,-41.08970642,3.873746982,22.89553642,M,NA,LOCSAT,confirmed,manual,iasp91,46,32,73,0.1138241962,92.50642586,0.4615966932,0
2020p471193,earthquake,2020-06-23T08:10:42Z,2020-07-22T23:13:44Z,-177.9987946,-33.81764603,4.443301366,12,M,operator assigned,LOCSAT,confirmed,manual,iasp91,30,23,15,4.795575142,316.0497742,1.063135006,0
2020p471065,earthquake,2020-06-23T07:02:49Z,2020-07-22T23:07:31Z,178.1623535,-33.5388031,4.063286017,328.15802,M,NA,LOCSAT,confirmed,manual,iasp91,38,24,11,4.08577013,320.7878571,0.9495063014,0
2020p471003,earthquake,2020-06-23T06:29:24Z,2020-07-22T23:00:45Z,-178.4489136,-32.89422226,4.129715208,12,M,operator assigned,LOCSAT,confirmed,manual,iasp91,28,15,7,3.649098158,197.7784095,1.163302458,0
2020p470956,earthquake,2020-06-23T06:04:52Z,2020-07-22T21:57:00Z,-178.2952881,-34.25992584,4.037753025,12,M,operator assigned,LOCSAT,confirmed,manual,iasp91,17,13,5,4.440471649,351.1886902,0.495191448,0
2020p470908,earthquake,2020-06-23T05:39:58Z,2020-07-22T21:52:31Z,177.668457,-36.74608612,3.747278269,178.724823,M,NA,LOCSAT,confirmed,manual,iasp91,41,32,63,0.9610677361,263.5907898,0.5076755603,0
2020p470202,earthquake,2020-06-22T23:20:41Z,2020-07-22T21:42:27Z,-177.3270721,-33.82362747,4.34139163,12,M,operator assigned,LOCSAT,confirmed,manual,iasp91,20,16,2,5.548847198,312.3820496,1.672660542,0
2020p469963,earthquake,2020-06-22T21:15:42Z,2020-07-22T21:33:59Z,-178.2333069,-33.2595787,4.419743914,12,M,operator assigned,LOCSAT,confirmed,manual,iasp91,18,12,7,3.994175911,205.7794406,1.817594634,0
2020p469927,earthquake,2020-06-22T20:55:45Z,2020-07-22T21:29:00Z,-178.4663696,-33.62356186,4.781685649,12,mB,operator assigned,LOCSAT,confirmed,manual,iasp91,34,24,7,4.894813538,313.9546661,1.564546629,0.07129042232
2020p469760,earthquake,2020-06-22T19:26:57Z,2020-07-22T07:39:49Z,-178.5908508,-33.31481171,4.875507599,12,mB,operator assigned,LOCSAT,confirmed,manual,iasp91,48,33,13,5.113796711,306.259964,1.234615094,0.1675165324
2020p469617,earthquake,2020-06-22T18:11:11Z,2020-07-22T07:31:33Z,-178.2262573,-33.64926147,5.563775704,12,mB,operator assigned,LOCSAT,confirmed,manual,iasp91,34,28,8,4.818565845,278.6990204,2.077926093,0.07179507167
2020p469490,earthquake,2020-06-22T17:03:48Z,2020-07-22T07:17:04Z,-177.4332123,-33.42228317,4.973302493,12,M,operator assigned,LOCSAT,confirmed,manual,iasp91,26,20,13,4.168310165,182.5607605,2.017142264,0
2020p469476,earthquake,2020-06-22T16:55:52Z,2020-07-22T07:11:46Z,-178.0662842,-34.18946457,4.092806361,12,M,operator assigned,LOCSAT,confirmed,manual,iasp91,28,16,11,4.610001564,305.1479797,1.054171435,0
2020p469200,earthquake,2020-06-22T14:29:12Z,2020-07-21T08:05:24Z,-177.6598358,-34.14912796,5.409774237,12,mB,operator assigned,LOCSAT,confirmed,manual,iasp91,54,38,21,4.725140572,276.3614044,0.8087518759,0.1229132542
2020p469195,earthquake,2020-06-22T14:26:20Z,2020-07-21T07:56:29Z,-178.2390289,-33.99382782,4.897262875,12,mB,operator assigned,LOCSAT,confirmed,manual,iasp91,34,29,13,4.684272766,275.6691284,0.683103248,0.2055074265
2020p468967,earthquake,2020-06-22T12:22:49Z,2020-07-21T07:47:54Z,-177.5485535,-33.68463516,4.601961591,12,M,operator assigned,LOCSAT,confirmed,manual,iasp91,12,11,1,5.545258522,314.1683044,0.7735940183,0
2020p468771,earthquake,2020-06-22T10:41:01Z,2020-07-21T06:56:17Z,178.5908661,-34.25368881,4.02567364,12,M,operator assigned,LOCSAT,confirmed,manual,iasp91,29,16,8,3.555952549,343.5563049,0.9189124429,0
2020p468770,earthquake,2020-06-22T10:33:13Z,2020-07-21T07:32:12Z,-177.6018829,-33.39582443,4.499258792,12,M,operator assigned,LOCSAT,confirmed,manual,iasp91,37,22,8,5.477293968,319.074646,2.415520941,0
2020p468528,earthquake,2020-06-22T08:31:16Z,2020-07-21T06:46:40Z,179.5962372,-34.3385849,3.85399799,269.6194763,M,NA,LOCSAT,confirmed,manual,iasp91,33,22,7,3.602614641,333.8964386,1.041913046,0
2020p468407,earthquake,2020-06-22T07:24:52Z,2020-06-22T09:47:49Z,-177.5526123,-34.25977707,4.610877653,33,MLv,operator assigned,LOCSAT,confirmed,manual,iasp91,16,13,8,5.094494343,317.2483673,1.090486971,0.1312684838
2020p468380,earthquake,2020-06-22T07:12:01Z,2020-07-21T06:38:38Z,-179.2007294,-33.05441284,4.602416766,12,mB,operator assigned,LOCSAT,confirmed,manual,iasp91,18,11,2,3.936589956,186.8666039,1.101167133,0.1493360235
2020p467956,earthquake,2020-06-22T03:26:10Z,2020-07-21T06:18:59Z,-178.4968414,-33.61910248,4.532344248,12,mB,operator assigned,LOCSAT,confirmed,manual,iasp91,29,21,4,5.069989681,315.6594238,1.165413795,0.1432011569
2020p467631,earthquake,2020-06-22T00:33:04Z,2020-07-20T19:46:37Z,179.4720764,-32.59654617,4.283586559,376.828125,M,NA,LOCSAT,confirmed,manual,iasp91,30,26,18,5.282021523,308.9075775,0.9645148296,0
2020p467594,earthquake,2020-06-22T00:14:05Z,2020-06-22T00:17:30Z,168.3248138,-44.52851486,3.935321017,5,M,operator assigned,LOCSAT,confirmed,manual,iasp91,23,16,16,0.3193361759,141.6911449,0.5031146499,0
2020p467416,earthquake,2020-06-21T22:39:36Z,2020-07-20T02:56:19Z,177.0671082,-39.412323,4.135326824,18.67873573,M,NA,LOCSAT,confirmed,manual,iasp91,49,40,46,0.158927232,109.531662,0.536369306,0
2020p466998,earthquake,2020-06-21T18:56:06Z,2020-07-20T02:53:37Z,-178.1461639,-33.66855621,4.404280181,195.3666382,M,NA,LOCSAT,confirmed,manual,iasp91,33,18,12,4.996976852,314.5093079,0.9547981278,0
2020p466897,earthquake,2020-06-21T18:01:33Z,2020-07-20T02:51:20Z,-177.7146301,-33.55021286,4.827765768,12,M,operator assigned,LOCSAT,confirmed,manual,iasp91,29,16,9,5.297165871,319.6036377,1.177367277,0
2020p466799,earthquake,2020-06-21T17:09:56Z,2020-07-20T02:49:01Z,-178.485321,-33.98623276,4.338356332,12,M,operator assigned,LOCSAT,confirmed,manual,iasp91,12,10,4,4.577743053,312.7152252,0.5724214959,0
2020p466480,earthquake,2020-06-21T14:20:05Z,2020-07-20T02:43:03Z,-179.808136,-34.62824631,4.137363994,12,M,operator assigned,LOCSAT,confirmed,manual,iasp91,12,9,4,3.67954278,347.3199005,1.212984106,0
2020p466333,earthquake,2020-06-21T13:01:15Z,2020-07-20T02:37:54Z,-178.1911621,-33.01324844,5.003584322,12,M,operator assigned,LOCSAT,confirmed,manual,iasp91,16,12,3,5.537736416,353.34198,0.9030561839,0
2020p466209,earthquake,2020-06-21T11:56:32Z,2020-07-20T02:32:11Z,-179.1590881,-35.42609024,4.101049692,13.96673489,M,NA,LOCSAT,confirmed,manual,iasp91,17,12,2,3.357927084,257.5768738,0.589728485,0
2020p466056,earthquake,2020-06-21T10:34:18Z,2020-07-20T02:24:06Z,-179.1716461,-35.45922852,3.80949289,12,M,operator assigned,LOCSAT,confirmed,manual,iasp91,18,12,5,3.325454712,348.0168304,0.6585805062,0
2020p465049,earthquake,2020-06-21T01:36:52Z,2020-07-20T02:14:58Z,-178.5973816,-33.73345947,5.034886449,12,mB,operator assigned,LOCSAT,confirmed,manual,iasp91,20,13,4,4.49513483,200.1296191,1.147946259,0.1213142027
2020p465031,earthquake,2020-06-21T01:28:21Z,2020-07-20T02:13:51Z,-179.928299,-34.67063522,4.058918894,12,M,operator assigned,LOCSAT,confirmed,manual,iasp91,33,21,10,3.219990492,262.8817902,1.004911348,0
2020p465003,earthquake,2020-06-21T01:13:48Z,2020-07-20T02:06:15Z,178.2366943,-34.41178894,4.028667771,12,M,operator assigned,LOCSAT,confirmed,manual,iasp91,31,23,12,3.357569695,338.5588837,1.180065205,0
2020p464954,earthquake,2020-06-21T00:46:41Z,2020-07-20T02:02:06Z,-178.0546265,-33.036384580000004,4.637238617,12,M,operator assigned,LOCSAT,confirmed,manual,iasp91,26,16,12,3.764350891,206.3581464,2.074905146,0
2020p464894,earthquake,2020-06-21T00:14:29Z,2020-07-20T02:00:06Z,-178.3225708,-33.83889389,4.90427602,12,M,operator assigned,LOCSAT,confirmed,manual,iasp91,28,15,11,4.575863361,168.432519,1.893911547,0
2020p464880,earthquake,2020-06-21T00:08:56Z,2020-07-20T01:30:03Z,-178.8045959,-33.88412476,5.027195005,12,mB,operator assigned,LOCSAT,confirmed,manual,iasp91,22,15,5,4.529384136,340.153595,0.9048085721,0.08136331465
2020p464835,earthquake,2020-06-20T23:43:22Z,2020-07-20T01:16:22Z,-178.1216431,-33.64578247,4.657061292,12,M,operator assigned,LOCSAT,confirmed,manual,iasp91,19,13,10,4.37374115,208.2665203,1.648502513,0
2020p464808,earthquake,2020-06-20T23:28:43Z,2020-07-20T01:10:55Z,-178.336731,-33.59477997,4.997982057,12,mB,operator assigned,LOCSAT,confirmed,manual,iasp91,26,16,5,4.334120274,202.7453661,1.337253799,0.1185161043
2020p464652,earthquake,2020-06-20T22:06:12Z,2020-07-20T01:07:43Z,-178.2045135,-34.15927505,5.057211144,12,mB,operator assigned,LOCSAT,confirmed,manual,iasp91,36,29,11,4.422210217,293.5444336,0.6841218101,0.1538107662
2020p464620,earthquake,2020-06-20T21:48:18Z,2020-07-20T01:04:56Z,-178.7026672,-33.06082916,4.780370991,12,mB,operator assigned,LOCSAT,confirmed,manual,iasp91,27,16,7,3.845859051,195.2535362,1.32170428,0.1121823453
2020p464548,earthquake,2020-06-20T21:10:08Z,2020-07-20T01:03:31Z,-178.3985291,-33.25914001,4.566260375,12,mB,operator assigned,LOCSAT,confirmed,manual,iasp91,28,17,3,4.00571537,200.8976092,1.300361611,0.3646889411
2020p464318,earthquake,2020-06-20T19:07:50Z,2020-07-20T01:01:44Z,-177.8927612,-33.27071762,4.718827381,12,mB,operator assigned,LOCSAT,confirmed,manual,iasp91,24,16,6,3.996355295,210.558548,0.8993318204,0.1370477136
2020p464286,earthquake,2020-06-20T18:51:05Z,2020-07-20T01:00:27Z,-178.4751587,-32.82326126,4.75803532,12,M,operator assigned,LOCSAT,confirmed,manual,iasp91,34,18,12,3.581839085,196.8293104,1.066159636,0
2020p464265,earthquake,2020-06-20T18:39:41Z,2020-07-20T00:56:24Z,-178.6551514,-33.86483383,4.543275995,27.18989754,mB,NA,LOCSAT,confirmed,manual,iasp91,20,15,7,4.607677937,308.4064026,0.840133644,0.05734803753
2020p464215,earthquake,2020-06-20T18:12:39Z,2020-07-20T00:49:00Z,-178.8038788,-33.1917572,4.613259082,12,mB,operator assigned,LOCSAT,confirmed,manual,iasp91,27,16,4,3.989940643,192.669734,1.368154169,0.1602890654
2020p464199,earthquake,2020-06-20T18:04:28Z,2020-07-20T00:44:27Z,-178.7571259,-33.88066864,4.545480956,12,mB,operator assigned,LOCSAT,confirmed,manual,iasp91,21,13,5,4.78073597,338.3574066,1.090889995,0.04700659684
2020p464189,earthquake,2020-06-20T18:00:07Z,2020-07-20T00:37:23Z,174.4745789,-40.698349,4.102872843,47.91530609,M,NA,LOCSAT,confirmed,manual,iasp91,60,51,31,0.368183285,75.70666504,0.5010967783,0
2020p464185,earthquake,2020-06-20T17:57:21Z,2020-07-20T00:35:45Z,-179.0711365,-33.48124695,4.646199244,12,M,operator assigned,LOCSAT,confirmed,manual,iasp91,30,20,12,4.319803715,188.9734612,1.512965466,0
2020p463901,earthquake,2020-06-20T15:26:00Z,2020-07-20T00:21:19Z,-177.3622894,-34.06004333,4.710049494,12,M,operator assigned,LOCSAT,confirmed,manual,iasp91,27,16,6,4.95925045,278.1504517,1.068026109,0
2020p463750,earthquake,2020-06-20T14:06:14Z,2020-07-19T23:54:26Z,-177.6423492,-33.85585785,4.548661274,12,M,operator assigned,LOCSAT,confirmed,manual,iasp91,25,14,7,5.298365116,313.131485,1.056920928,0
2020p463703,earthquake,2020-06-20T13:40:00Z,2020-07-19T23:29:57Z,-178.2003784,-33.67676926,4.478885495,12,M,operator assigned,LOCSAT,confirmed,manual,iasp91,24,15,6,4.407760143,170.2686608,1.373747437,0
2020p463698,earthquake,2020-06-20T13:37:04Z,2020-07-19T23:17:15Z,-177.7861176,-33.76076508,4.292417339,12,M,operator assigned,LOCSAT,confirmed,manual,iasp91,31,18,5,4.486502647,176.6143494,1.83916323,0
2020p463648,earthquake,2020-06-20T13:10:49Z,2020-07-19T23:05:56Z,-178.8038788,-33.95195007,4.104954648,12,M,operator assigned,LOCSAT,confirmed,manual,iasp91,28,17,10,4.470691204,307.9603119,1.026057452,0
2020p463566,earthquake,2020-06-20T12:27:15Z,2020-06-20T12:34:37Z,-178.364563,-34.08980179,3.780601429,100,M,operator assigned,LOCSAT,confirmed,manual,iasp91,16,10,4,4.744316101,352.9906464,0.7381776275,0
2020p463564,earthquake,2020-06-20T12:18:56Z,2020-07-19T21:55:50Z,-178.8253326,-33.39958572,3.859143496,12,M,operator assigned,LOCSAT,confirmed,manual,iasp91,21,11,3,4.196825027,195.2736759,1.637163934,0
2020p463488,earthquake,2020-06-20T11:37:46Z,2020-07-19T21:27:09Z,-178.9316864,-33.11838913,4.577699829,12,M,operator assigned,LOCSAT,confirmed,manual,iasp91,34,18,7,3.940798044,191.7828894,1.195128287,0
2020p463458,earthquake,2020-06-20T11:29:50Z,2020-07-19T06:47:17Z,-177.6165161,-33.93418121,4.342100558,12,M,operator assigned,LOCSAT,confirmed,manual,iasp91,21,11,6,5.252432346,352.2616425,0.9014218531,0
2020p463387,earthquake,2020-06-20T10:51:46Z,2020-07-19T06:43:17Z,-178.3880157,-33.53032303,4.575371199,12,M,operator assigned,LOCSAT,confirmed,manual,iasp91,27,17,13,4.27394104,202.6865411,1.607981652,0
2020p463367,earthquake,2020-06-20T10:40:15Z,2020-07-19T06:41:23Z,-178.4882507,-33.81435013,4.804130577,12,MLv,operator assigned,LOCSAT,confirmed,manual,iasp91,11,6,5,5.544735432,356.2322388,0.7255335846,0.06274447777
2020p463363,earthquake,2020-06-20T10:39:18Z,2020-07-19T06:25:06Z,-179.2199249,-33.25488663,4.757971073,10,MLv,operator assigned,LOCSAT,confirmed,manual,iasp91,31,19,10,4.13304615,185.1219444,1.267171971,0.07543773066
2020p463199,earthquake,2020-06-20T09:11:44Z,2020-07-19T06:19:06Z,-178.7988434,-33.92205048,4.028825142,221.1556854,mB,NA,LOCSAT,confirmed,manual,iasp91,32,20,1,4.498716831,350.2834625,0.9114386474,0
2020p463087,earthquake,2020-06-20T08:11:38Z,2020-07-19T06:12:49Z,-179.1755676,-33.43360138,4.336282066,12,mB,operator assigned,LOCSAT,confirmed,manual,iasp91,28,16,1,4.295053005,188.6601658,1.630614931,0
2020p463040,earthquake,2020-06-20T07:46:41Z,2020-07-19T06:05:22Z,-178.711731,-32.81279373,4.631326157,12,M,operator assigned,LOCSAT,confirmed,manual,iasp91,21,16,12,3.604179382,193.9183054,1.295121611,0
2020p463019,earthquake,2020-06-20T07:33:25Z,2020-07-19T06:03:38Z,-177.5566864,-32.80091095,4.245815858,200.2615051,M,NA,LOCSAT,confirmed,manual,iasp91,22,21,1,3.541535139,216.3372803,1.279344498,0
2020p462887,earthquake,2020-06-20T06:25:03Z,2020-07-19T05:51:33Z,-179.7156982,-33.16947937,4.247846941,251.7766724,M,NA,LOCSAT,confirmed,manual,iasp91,45,27,17,5.336373806,318.1129608,1.256008259,0
2020p462885,earthquake,2020-06-20T06:24:36Z,2020-07-19T05:45:29Z,-178.8963165,-34.13427353,4.181336894,133.500946,M,NA,LOCSAT,confirmed,manual,iasp91,16,16,9,4.27469492,197.5006332,14.15375297,0
2020p462871,earthquake,2020-06-20T06:17:07Z,2020-07-19T01:00:45Z,-178.5173187,-33.66389465,4.313190767,12,M,operator assigned,LOCSAT,confirmed,manual,iasp91,37,22,10,4.41795063,165.3846607,1.430027797,0
2020p462818,earthquake,2020-06-20T05:48:30Z,2020-07-19T00:55:07Z,-178.0221558,-34.20819092,4.797125351,12,mB,operator assigned,LOCSAT,confirmed,manual,iasp91,19,12,1,4.61741209,311.0524902,1.049195736,0
2020p462663,earthquake,2020-06-20T04:24:17Z,2020-07-19T00:42:25Z,-178.4004059,-33.4029274,4.807020924,12,mB,operator assigned,LOCSAT,confirmed,manual,iasp91,30,17,4,4.148519516,167.0199041,1.575447361,0.1256067193
2020p462653,earthquake,2020-06-20T04:20:16Z,2020-07-19T00:27:53Z,-177.8062439,-33.99713135,4.353143298,12,M,operator assigned,LOCSAT,confirmed,manual,iasp91,31,18,9,4.893549919,311.2962646,1.505316159,0
2020p462616,earthquake,2020-06-20T03:59:30Z,2020-07-19T00:07:38Z,-178.28,-34.7,5.15439419,12,mB,NA,NA,confirmed,manual,NA,0,0,12,0,0,2.84244586,0.1153300961
2020p462391,earthquake,2020-06-20T02:00:46Z,2020-07-18T23:16:28Z,-178.3222809,-33.98465347,4.636493747,0,mB,NA,LOCSAT,confirmed,manual,iasp91,33,19,5,4.653054237,312.6515808,1.240034827,0.2158169929
2020p462148,earthquake,2020-06-19T23:51:12Z,2020-07-17T05:17:39Z,-178.1733093,-32.9468689,5.115767032,12,mB,operator assigned,LOCSAT,confirmed,manual,iasp91,28,19,7,3.679722071,203.5777295,1.180377305,0.1507692139
2020p461895,earthquake,2020-06-19T21:36:50Z,2020-07-17T05:05:45Z,-178.3638306,-33.86144257,5.247068703,12,mB,operator assigned,LOCSAT,confirmed,manual,iasp91,39,21,7,4.601048946,203.7125788,1.717429596,0.06992827509
2020p461853,earthquake,2020-06-19T21:12:45Z,2020-07-17T05:02:33Z,-178.9289093,-33.16042328,5.049651019,12,mB,operator assigned,LOCSAT,confirmed,manual,iasp91,29,17,4,3.981142998,191.4128036,1.697711062,0.325954111
2020p461841,earthquake,2020-06-19T21:07:39Z,2020-07-17T04:55:37Z,-179.1706238,-32.75290298,4.57170367,12,mB,operator assigned,LOCSAT,confirmed,manual,iasp91,26,15,3,3.641633987,182.2646923,1.519812551,0.1585269582
2020p461734,earthquake,2020-06-19T20:08:31Z,2020-07-17T04:44:56Z,-177.78508,-32.42002106,5.475055265,0,M,NA,LOCSAT,confirmed,manual,iasp91,18,13,6,3.150099516,177.8387909,2.361662457,0
2020p461482,earthquake,2020-06-19T17:46:04Z,2020-07-17T04:13:06Z,-177.1765747,-34.30329895,4.572195176,12,M,operator assigned,LOCSAT,confirmed,manual,iasp91,46,28,13,5.005663395,340.0957794,1.469967775,0
2020p461402,earthquake,2020-06-19T17:14:41Z,2020-07-17T03:16:50Z,-178.3063202,-32.28904724,5.07444453,12,M,operator assigned,LOCSAT,confirmed,manual,iasp91,28,17,7,3.035589695,197.3705616,1.915397248,0
2020p461394,earthquake,2020-06-19T17:10:33Z,2020-07-17T03:13:21Z,-178.3126373,-33.50738144,5.255463716,12,MLv,operator assigned,LOCSAT,confirmed,manual,iasp91,71,41,30,4.245589733,202.7165179,1.820965934,0.1173742782
2020p461347,earthquake,2020-06-19T16:44:33Z,2020-07-17T02:52:56Z,-178.6076355,-33.33980942,4.396450458,12,M,operator assigned,LOCSAT,confirmed,manual,iasp91,35,20,12,4.107515812,197.4009142,1.253707703,0
2020p461295,earthquake,2020-06-19T16:16:51Z,2020-07-17T02:46:34Z,-178.2748871,-33.47014999,4.481079724,12,M,operator assigned,LOCSAT,confirmed,manual,iasp91,27,17,9,4.206129074,169.0568175,1.990241491,0
2020p461212,earthquake,2020-06-19T15:32:57Z,2020-07-17T02:41:14Z,-178.9953613,-33.50778198,4.286103727,12,M,operator assigned,LOCSAT,confirmed,manual,iasp91,29,16,7,4.331340313,191.2054577,1.871376079,0
2020p460995,earthquake,2020-06-19T13:37:41Z,2020-07-17T02:31:48Z,-178.3662109,-32.63042831,4.447431404,12,M,operator assigned,LOCSAT,confirmed,manual,iasp91,36,20,11,3.379538774,197.9616175,1.531630713,0
2020p460981,earthquake,2020-06-19T13:30:00Z,2020-07-17T02:21:24Z,-178.304245,-33.98761749,4.265654122,12,M,operator assigned,LOCSAT,confirmed,manual,iasp91,62,35,17,4.506844044,312.2038574,1.31761851,0
2020p460957,earthquake,2020-06-19T13:15:33Z,2020-07-17T02:11:01Z,-177.734024,-32.58041,4.888871591,12,M,operator assigned,LOCSAT,confirmed,manual,iasp91,30,17,9,3.311752796,210.9977112,2.098203991,0
2020p460938,earthquake,2020-06-19T13:06:57Z,2020-07-17T02:02:35Z,-179.4105988,-33.03376389,4.264692914,12,M,operator assigned,LOCSAT,confirmed,manual,iasp91,35,21,7,3.971001625,179.765955,1.346160795,0
2020p460745,earthquake,2020-06-19T11:24:21Z,2020-07-17T00:04:12Z,-178.8668671,-34.79094696,4.460049429,12,M,operator assigned,LOCSAT,confirmed,manual,iasp91,34,25,14,3.73503089,161.0846596,1.65498776,0
2020p460715,earthquake,2020-06-19T11:08:20Z,2020-07-16T23:58:31Z,-179.2131958,-35.24166107,4.164218175,12,M,operator assigned,LOCSAT,confirmed,manual,iasp91,49,35,19,3.060345173,303.6803131,0.5876978604,0
2020p460683,earthquake,2020-06-19T10:51:19Z,2020-07-16T23:52:45Z,-178.6006165,-34.32422256,4.115564418,12,MLv,operator assigned,LOCSAT,confirmed,manual,iasp91,32,21,11,4.243180752,271.4010315,1.030441489,0.09478281033
2020p460633,earthquake,2020-06-19T10:25:30Z,2020-06-19T10:29:58Z,177.974472,-36.25685883,3.86085339,182.1452332,M,NA,LOCSAT,confirmed,manual,iasp91,25,17,34,1.329850316,252.2971191,0.4685349693,0
2020p460439,earthquake,2020-06-19T08:41:01Z,2020-07-16T23:34:21Z,-178.9507904,-33.35128403,4.92412593,12,mB,operator assigned,LOCSAT,confirmed,manual,iasp91,44,24,6,4.170889854,190.948411,1.281451478,0.1205660589
2020p460429,earthquake,2020-06-19T08:36:12Z,2020-07-16T23:28:35Z,-179.0504303,-35.0724678,3.842111285,12,M,operator assigned,LOCSAT,confirmed,manual,iasp91,35,22,9,3.62220645,315.2415466,0.8170252697,0
2020p460361,earthquake,2020-06-19T07:57:42Z,2020-07-16T23:24:29Z,-178.0218811,-33.41517258,4.882569846,12,mB,operator assigned,LOCSAT,confirmed,manual,iasp91,50,29,7,4.141266823,208.8538975,2.114355464,0.07402921229
2020p460293,earthquake,2020-06-19T07:23:53Z,2020-07-16T23:09:53Z,-179.1977692,-35.06703568,3.828216343,12,M,operator assigned,LOCSAT,confirmed,manual,iasp91,29,17,8,3.353700399,306.509079,0.8007353722,0
2020p460287,earthquake,2020-06-19T07:19:42Z,2020-07-16T23:03:07Z,-179.0258179,-33.1884346,3.950831561,12,M,operator assigned,LOCSAT,confirmed,manual,iasp91,27,14,4,5.069805145,351.8799438,0.9566091989,0
2020p460207,earthquake,2020-06-19T06:37:30Z,2020-07-16T22:53:39Z,-179.2398376,-33.2744751,4.560954107,12,M,operator assigned,LOCSAT,confirmed,manual,iasp91,22,12,7,4.156431198,186.2249508,1.111209604,0
2020p460066,earthquake,2020-06-19T05:20:08Z,2020-07-16T22:50:13Z,-178.333313,-33.16463089,4.637143731,12,ML,operator assigned,LOCSAT,confirmed,manual,iasp91,23,14,8,3.906535625,201.608777,1.720361267,0.1959935663
2020p459977,outside of network interest,2020-06-19T04:35:28Z,2020-07-16T21:49:17Z,-177.5329285,-33.85837555,4.441950644,172.945282,M,NA,LOCSAT,confirmed,manual,iasp91,24,14,7,5.355077744,352.1209106,1.092461625,0
2020p459952,earthquake,2020-06-19T04:21:40Z,2020-07-16T21:39:51Z,-178.5979767,-33.90196228,4.197674378,12,M,operator assigned,LOCSAT,confirmed,manual,iasp91,16,13,3,4.787226677,351.1463013,0.9360206573,0
2020p459932,earthquake,2020-06-19T04:11:01Z,2020-07-16T21:32:52Z,-177.1749878,-33.66447067,4.603439952,12,M,operator assigned,LOCSAT,confirmed,manual,iasp91,20,18,10,4.434913158,224.2845001,1.744006191,0
2020p459856,earthquake,2020-06-19T03:30:06Z,2020-07-16T21:11:00Z,-179.1947784,-33.09811783,4.661810269,12,mB,operator assigned,LOCSAT,confirmed,manual,iasp91,25,16,4,3.976991892,184.434021,1.348944785,0.1291697576
2020p459807,earthquake,2020-06-19T03:05:34Z,2020-07-16T21:05:36Z,173.8744659,-42.24061203,3.980664652,12,M,operator assigned,LOCSAT,confirmed,manual,iasp91,38,33,11,0.2336530536,182.2807808,0.5330392068,0
2020p459548,earthquake,2020-06-19T00:44:24Z,2020-07-16T05:52:50Z,-179.2040863,-32.93561935,4.823880828,12,M,operator assigned,LOCSAT,confirmed,manual,iasp91,19,11,5,3.823991537,183.0192089,1.591317202,0
2020p459534,earthquake,2020-06-19T00:38:49Z,2020-07-16T05:33:51Z,-178.3039398,-33.75383759,5.817036024,12,mB,operator assigned,LOCSAT,confirmed,manual,iasp91,53,40,27,4.490093708,168.693027,1.747667023,0.1233994963
2020p459457,earthquake,2020-06-18T23:57:30Z,2020-07-16T04:42:36Z,-178.2969208,-32.9760437,4.457467629,12,M,operator assigned,LOCSAT,confirmed,manual,iasp91,36,22,9,3.716469288,201.2761941,1.239654518,0
2020p459383,earthquake,2020-06-18T23:16:43Z,2020-07-16T04:30:10Z,-178.481842,-33.17857742,4.897872071,12,mB,operator assigned,LOCSAT,confirmed,manual,iasp91,51,30,5,3.933901787,197.8955874,1.723207222,0.1346188487
2020p459347,earthquake,2020-06-18T22:59:07Z,2020-07-16T04:12:42Z,-179.4107666,-33.09115601,4.886566949,12,mB,operator assigned,LOCSAT,confirmed,manual,iasp91,37,20,7,4.025156498,181.107378,1.508622817,0.05221678161
2020p459280,earthquake,2020-06-18T22:23:19Z,2020-07-16T01:21:36Z,-178.1354065,-32.96564865,4.752042451,12,mB,operator assigned,LOCSAT,confirmed,manual,iasp91,22,12,2,3.696652412,206.0661581,1.891187256,0.05039790974
2020p459245,earthquake,2020-06-18T22:03:30Z,2020-07-16T00:59:50Z,-178.5448303,-32.93205643,5.205451498,12,M,operator assigned,LOCSAT,confirmed,manual,iasp91,37,23,14,3.697542191,197.562583,1.482157899,0
2020p459146,earthquake,2020-06-18T21:12:42Z,2020-07-16T00:52:18Z,-179.0897064,-33.35992813,4.23595644,12,M,operator assigned,LOCSAT,confirmed,manual,iasp91,20,12,6,4.205982685,188.3703871,1.222770019,0
2020p459117,earthquake,2020-06-18T20:56:28Z,2020-07-16T00:40:21Z,-178.5112,-33.3965683,4.656120456,12,mB,operator assigned,LOCSAT,confirmed,manual,iasp91,20,11,2,4.152676582,199.5838261,1.295550382,0.045422766
2020p459028,earthquake,2020-06-18T20:08:50Z,2020-07-15T21:29:25Z,-178.5766144,-33.24723053,4.650260542,12,M,operator assigned,LOCSAT,confirmed,manual,iasp91,40,21,13,4.012397289,197.410593,1.279097063,0
2020p459001,earthquake,2020-06-18T19:53:32Z,2020-07-15T21:15:02Z,-178.70961,-33.52088928,4.380008514,12,M,operator assigned,LOCSAT,confirmed,manual,iasp91,23,12,5,4.29906702,198.3903217,1.496405106,0
2020p458992,earthquake,2020-06-18T19:50:14Z,2020-07-15T20:54:54Z,-179.1203003,-33.44726181,4.438978733,12,M,operator assigned,LOCSAT,confirmed,manual,iasp91,38,20,9,4.296694756,188.4223633,1.727066915,0
2020p458959,earthquake,2020-06-18T19:34:10Z,2020-07-15T05:47:48Z,-177.9277344,-33.40441513,5.33138908,12,M,operator assigned,LOCSAT,confirmed,manual,iasp91,27,16,13,4.129630566,210.312782,2.228183528,0
2020p458962,earthquake,2020-06-18T19:32:48Z,2020-07-15T06:16:48Z,-178.0384369,-32.71719742,5.050685662,12,mB,operator assigned,LOCSAT,confirmed,manual,iasp91,36,33,6,3.445780993,172.9027689,1.216086834,0.04671019184
2020p458920,earthquake,2020-06-18T19:11:50Z,2020-07-15T05:16:09Z,-178.0254059,-33.63560486,5.620741593,10,mB,operator assigned,LOCSAT,confirmed,manual,iasp91,61,39,18,4.361131191,172.9869279,1.997662731,0.08823588006
2020p458913,earthquake,2020-06-18T19:07:48Z,2020-07-15T04:51:29Z,-179.2264099,-32.93385315,4.381640628,12,M,operator assigned,LOCSAT,confirmed,manual,iasp91,34,18,9,3.827865124,182.5673389,1.471075167,0
2020p458717,earthquake,2020-06-18T17:23:35Z,2020-07-15T04:19:06Z,-178.0301666,-33.73764038,4.63442328,12,M,operator assigned,LOCSAT,confirmed,manual,iasp91,33,18,10,4.462963104,210.4284459,3.192996552,0
2020p458656,earthquake,2020-06-18T16:50:52Z,2020-07-15T04:06:37Z,-178.8452148,-33.840736389999996,4.774904299,12,mB,operator assigned,LOCSAT,confirmed,manual,iasp91,36,25,6,4.551023483,160.6317272,2.031043592,0.1136047716
2020p458595,earthquake,2020-06-18T16:17:10Z,2020-07-15T01:27:17Z,-178.3216248,-33.25988007,5.170758756,12,ML,operator assigned,LOCSAT,confirmed,manual,iasp91,38,21,1,4.000258446,203.2210832,1.595012708,0
2020p458582,earthquake,2020-06-18T16:11:33Z,2020-07-14T23:59:30Z,-177.2011719,-33.30064774,5.83904731,12,mB,operator assigned,LOCSAT,confirmed,manual,iasp91,34,29,15,4.07289505,151.1997395,2.827724953,0.1436806795
2020p458492,earthquake,2020-06-18T15:23:47Z,2020-07-14T23:40:21Z,-178.5138702,-32.84508514,4.873572636,12,M,operator assigned,LOCSAT,confirmed,manual,iasp91,21,15,11,3.607940912,196.17558,2.386893292,0
2020p458459,earthquake,2020-06-18T15:06:13Z,2020-07-14T23:35:24Z,-177.8084106,-33.37292099,5.747502701,12,mB,operator assigned,LOCSAT,confirmed,manual,iasp91,56,38,21,4.099332333,146.9285831,2.575859276,0.1783924137
2020p458434,earthquake,2020-06-18T14:52:49Z,2020-07-14T23:24:29Z,-177.9958649,-33.03812027,5.176976677,12,mB,operator assigned,LOCSAT,confirmed,manual,iasp91,32,26,12,3.764877558,207.5137312,1.969071839,0.09543589794
2020p458414,earthquake,2020-06-18T14:39:44Z,2020-07-14T23:19:09Z,-178.618103,-32.68884659,4.997542504,12,mB,operator assigned,LOCSAT,confirmed,manual,iasp91,26,14,7,3.468169928,194.4056482,1.075615305,0.0758201806
2020p458400,earthquake,2020-06-18T14:32:51Z,2020-07-14T23:10:40Z,-178.2639923,-33.09494019,4.932049102,12,M,operator assigned,LOCSAT,confirmed,manual,iasp91,13,8,2,3.832316637,204.2358661,1.351457921,0
2020p458385,earthquake,2020-06-18T14:26:48Z,2020-07-14T22:49:00Z,-178.0989227,-33.46563721,4.450333481,12,M,operator assigned,LOCSAT,confirmed,manual,iasp91,30,17,7,4.193468571,171.8585858,2.030443219,0
2020p458379,earthquake,2020-06-18T14:23:31Z,2020-07-14T22:35:55Z,-178.4567108,-32.95070267,4.945533265,12,mB,operator assigned,LOCSAT,confirmed,manual,iasp91,39,24,8,3.70579958,197.9543695,2.055438744,0.09035707627
2020p458330,earthquake,2020-06-18T13:57:12Z,2020-07-14T05:19:43Z,-178.3265533,-32.94255829,4.938206518,12,mB,operator assigned,LOCSAT,confirmed,manual,iasp91,35,22,6,3.685523748,200.5032644,2.176898736,0.05165252625
2020p458309,not locatable,2020-06-18T13:43:59Z,2020-06-18T16:00:48Z,-178.0176086,-33.13022995,5.428665009,33,M,operator assigned,LOCSAT,preliminary,manual,iasp91,23,22,1,3.857079744,207.8256868,1.925050028,0
2020p458261,earthquake,2020-06-18T13:20:56Z,2020-07-14T03:53:54Z,-177.9757233,-33.77971649,5.317746545,12,M,operator assigned,LOCSAT,confirmed,manual,iasp91,91,49,34,4.504192352,211.2569327,2.474978876,0
2020p458259,earthquake,2020-06-18T13:18:25Z,2020-07-14T05:03:52Z,-178.1343689,-33.9809227,4.792057897,12,M,operator assigned,LOCSAT,confirmed,manual,iasp91,46,31,9,4.945868969,345.2360535,1.705421387,0
2020p458203,earthquake,2020-06-18T12:49:49Z,2020-07-02T03:26:09Z,-177.4386749,-33.4619751,7.394644571,10,M,operator assigned,LOCSAT,confirmed,manual,iasp91,54,43,30,4.207231998,120.1336937,2.05394568,0
2020p457835,earthquake,2020-06-18T09:33:38Z,2020-07-13T23:35:41Z,-179.3342133,-33.3490715,4.286658578,199.8104401,M,NA,LOCSAT,confirmed,manual,iasp91,27,14,8,4.822413445,352.2046967,3.000584523,0
2020p457511,earthquake,2020-06-18T06:42:16Z,2020-07-13T23:12:17Z,168.4772491,-43.64267349,3.89160819,12,M,operator assigned,LOCSAT,confirmed,manual,iasp91,27,17,6,0.4758374393,230.8176575,1.331936681,0
2020p451586,earthquake,2020-06-16T02:04:26Z,2020-07-12T20:51:11Z,-179.883728,-32.82360458,3.825207468,382.3078308,M,NA,LOCSAT,confirmed,manual,iasp91,26,21,13,4.95445919,339.5754089,1.079315399,0
2020p451009,earthquake,2020-06-15T20:56:14Z,2020-07-12T01:38:41Z,179.9914246,-32.98553085,4.343981933,280.8288574,MLv,NA,LOCSAT,confirmed,manual,iasp91,29,22,10,4.121032238,168.7786694,1.835935874,0.3099256861
2020p450618,earthquake,2020-06-15T17:29:46Z,2020-07-12T01:27:02Z,177.5600433,-37.81667709,4.939622054,28.76068306,M,NA,LOCSAT,confirmed,manual,iasp91,109,96,72,0.1749193072,112.5654984,0.4762118014,0
2020p449490,not locatable,2020-06-15T07:27:59Z,2020-06-15T19:48:23Z,177.225174,-34.20950699,3.62637316,130.468338,M,NA,LOCSAT,preliminary,manual,iasp91,11,11,6,3.567893744,338.6302643,0.3462304424,0
2020p448306,earthquake,2020-06-14T20:57:35Z,2020-07-11T04:29:21Z,179.6871338,-36.23013306,4.120422561,12,M,operator assigned,LOCSAT,confirmed,manual,iasp91,28,23,17,1.729867816,287.4987335,0.588493567,0
2020p446616,earthquake,2020-06-14T05:56:12Z,2020-07-11T03:21:21Z,-179.9244843,-33.33850479,4.004628022,192.4758911,mB,NA,LOCSAT,confirmed,manual,iasp91,33,19,10,4.454720974,349.244873,1.104536812,0.119983158
2020p445661,earthquake,2020-06-13T21:27:32Z,2020-07-06T05:23:48Z,179.8280487,-33.90092087,4.283421438,149.2428131,M,NA,LOCSAT,confirmed,manual,iasp91,25,16,7,3.857290745,172.3632259,1.082931422,0
2020p445569,earthquake,2020-06-13T20:39:13Z,2020-07-06T05:10:24Z,175.2425537,-40.0403862,3.788354929,25.86914635,M,NA,LOCSAT,confirmed,manual,iasp91,39,27,13,0.1741451472,108.3256836,0.3915092197,0
2020p443218,earthquake,2020-06-12T23:47:05Z,2020-07-03T04:03:41Z,167.4181366,-44.27346802,3.637096841,5,M,operator assigned,LOCSAT,confirmed,manual,iasp91,23,17,10,0.5405969024,200.9159737,0.6211445067,0
2020p441383,earthquake,2020-06-12T07:29:17Z,2020-07-02T23:52:50Z,167.7835083,-44.43654251,5.247430022,5,M,operator assigned,LOCSAT,confirmed,manual,iasp91,57,42,26,0.2578565776,205.1416702,0.9010419242,0
2020p441352,earthquake,2020-06-12T07:11:16Z,2020-07-02T23:37:57Z,-178.6194916,-33.19805145,4.878744811,12,mB,operator assigned,LOCSAT,confirmed,manual,iasp91,28,15,7,3.969233751,196.275034,1.49152447,0.0468827174
2020p440605,earthquake,2020-06-12T00:34:04Z,2020-07-02T21:49:12Z,177.7863312,-35.5753746,3.553446251,168.3317108,M,NA,LOCSAT,confirmed,manual,iasp91,43,25,17,2.176485777,252.7657166,1.049913415,0
2020p437634,earthquake,2020-06-10T22:11:06Z,2020-07-01T23:40:22Z,-179.314743,-33.6849823,4.238310307,12,MLv,operator assigned,LOCSAT,confirmed,manual,iasp91,25,17,10,4.326607227,186.5334806,1.51091094,0.1025916226
2020p437317,earthquake,2020-06-10T19:22:31Z,2020-07-01T23:23:16Z,176.8979187,-38.60586929,3.612414485,3.821190119,M,NA,LOCSAT,confirmed,manual,iasp91,62,52,40,0.06541097164,29.62599945,0.7406932074,0
2020p434252,earthquake,2020-06-09T16:09:33Z,2020-06-30T22:51:05Z,173.8509369,-40.41520691,4.617295359,88.4562149,M,NA,LOCSAT,confirmed,manual,iasp91,39,30,15,0.3898389935,112.7811476,0.4525859024,0
2020p433190,earthquake,2020-06-09T06:43:01Z,2020-06-30T21:48:33Z,-178.1549225,-32.78885269,5.363587738,12,mB,operator assigned,LOCSAT,confirmed,manual,iasp91,25,18,8,3.521504641,203.1601484,1.449607593,0.1666598465
2020p433155,earthquake,2020-06-09T06:24:04Z,2020-06-30T05:52:02Z,-178.6396942,-33.14012527,4.510377171,12,mB,operator assigned,LOCSAT,confirmed,manual,iasp91,21,14,6,5.250389099,316.3202667,1.415187767,0.07999978656
2020p432483,earthquake,2020-06-09T00:26:20Z,2020-06-30T05:22:10Z,-179.0377502,-33.63719559,4.652881361,12,M,operator assigned,LOCSAT,confirmed,manual,iasp91,42,27,20,4.465024948,190.5904169,1.831493679,0
2020p431480,earthquake,2020-06-08T15:31:53Z,2020-06-08T15:37:50Z,-179.1972961,-34.21001816,4.066118008,172.5212708,MLv,NA,LOCSAT,confirmed,manual,iasp91,26,16,7,3.910908461,307.0670013,0.918364869,0.09205589564
2020p429441,earthquake,2020-06-07T21:26:11Z,2020-06-29T23:34:11Z,179.9111481,-32.47141266,4.775268416,341.1560669,M,NA,LOCSAT,confirmed,manual,iasp91,21,17,12,3.70271039,161.7220764,1.001409839,0
2020p427504,earthquake,2020-06-07T04:14:13Z,2020-06-07T04:19:02Z,176.9055328,-38.62675858,3.872093835,6.736962318,M,NA,LOCSAT,confirmed,manual,iasp91,23,16,89,0.05981270969,59.1905117,0.3624654413,0
2020p427000,earthquake,2020-06-06T23:45:50Z,2020-06-26T06:16:42Z,174.9858398,-40.46136093,4.357289187,31.3450985,M,NA,LOCSAT,confirmed,manual,iasp91,58,50,31,0.1832615882,62.30691528,0.3259202982,0
2020p425238,earthquake,2020-06-06T08:06:48Z,2020-06-26T05:12:02Z,177.4993896,-32.71026993,3.803818455,0,M,NA,LOCSAT,confirmed,manual,iasp91,37,26,6,4.145048618,313.7451172,1.701460422,0
2020p424501,earthquake,2020-06-06T01:33:10Z,2020-06-26T04:38:13Z,-179.1929169,-33.62544632,4.052780091,144.8685608,M,NA,LOCSAT,confirmed,manual,iasp91,28,16,7,4.424881458,309.6821594,1.031550769,0
2020p419481,earthquake,2020-06-04T04:59:16Z,2020-06-26T02:24:42Z,178.7578583,-32.81692886,4.405479156,566.2490845,mB,NA,LOCSAT,confirmed,manual,iasp91,30,20,7,4.547740459,182.2552757,2.314324601,0.266609703
2020p418718,earthquake,2020-06-03T22:12:57Z,2020-06-23T22:42:41Z,177.4529572,-37.05017853,3.580673841,5,M,operator assigned,LOCSAT,confirmed,manual,iasp91,26,22,16,0.5160697699,191.3019257,1.238429968,0
2020p418708,earthquake,2020-06-03T22:07:37Z,2020-06-23T22:30:05Z,177.4969025,-37.03417206,3.805999219,5,M,operator assigned,LOCSAT,confirmed,manual,iasp91,22,18,12,0.5460166335,190.7976379,0.9304746413,0
2020p417671,outside of network interest,2020-06-03T12:54:28Z,2020-06-23T05:46:45Z,176.9698486,-33.79855347,4.078048537,542.9188232,M,NA,LOCSAT,confirmed,manual,iasp91,12,12,7,5.631642342,341.5395355,0.3922197629,0
2020p417388,earthquake,2020-06-03T10:23:27Z,2020-06-23T04:48:55Z,176.5153046,-34.48588181,3.594869791,687.4066772,MLv,NA,LOCSAT,confirmed,manual,iasp91,18,17,6,2.780467749,308.5223694,1.363206488,0.3835082106
2020p416466,earthquake,2020-06-03T02:12:54Z,2020-06-23T03:21:31Z,178.6136017,-35.22819901,3.702960764,268.0072632,M,NA,LOCSAT,confirmed,manual,iasp91,33,19,12,2.34250617,332.0036774,0.9317181822,0
2020p412674,earthquake,2020-06-01T16:32:54Z,2020-06-22T05:06:34Z,174.9895477,-40.46120453,3.781601606,30.01652908,M,NA,LOCSAT,confirmed,manual,iasp91,78,55,19,0.1804327816,60.62405396,0.4243858551,0
2020p411150,earthquake,2020-06-01T03:00:14Z,2020-06-22T02:40:35Z,179.6188965,-33.93742752,4.410541077,12,M,operator assigned,LOCSAT,confirmed,manual,iasp91,32,27,12,3.994836569,168.9169235,1.281377973,0
